/global/common/software/nersc9/cmake/3.30.2-8befa77c19df1cc9a69766c978f2e12d5f9022ef/bin/cmake -S/global/homes/j/jingtao/ReSOM/sbetr/3rd-party/pfunit -B/global/u1/j/jingtao/ReSOM/sbetr/build/3rd-party/pfunit --check-build-system CMakeFiles/Makefile.cmake 0
/global/common/software/nersc9/cmake/3.30.2-8befa77c19df1cc9a69766c978f2e12d5f9022ef/bin/cmake -E cmake_progress_start /global/u1/j/jingtao/ReSOM/sbetr/build/3rd-party/pfunit/CMakeFiles /global/u1/j/jingtao/ReSOM/sbetr/build/3rd-party/pfunit//CMakeFiles/progress.marks
make  -f CMakeFiles/Makefile2 all
make[1]: Entering directory '/global/u1/j/jingtao/ReSOM/sbetr/build/3rd-party/pfunit'
make  -f source/CMakeFiles/pfunit.dir/build.make source/CMakeFiles/pfunit.dir/depend
make[2]: Entering directory '/global/u1/j/jingtao/ReSOM/sbetr/build/3rd-party/pfunit'
cd /global/u1/j/jingtao/ReSOM/sbetr/build/3rd-party/pfunit && /global/common/software/nersc9/cmake/3.30.2-8befa77c19df1cc9a69766c978f2e12d5f9022ef/bin/cmake -E cmake_depends "Unix Makefiles" /global/homes/j/jingtao/ReSOM/sbetr/3rd-party/pfunit /global/homes/j/jingtao/ReSOM/sbetr/3rd-party/pfunit/source /global/u1/j/jingtao/ReSOM/sbetr/build/3rd-party/pfunit /global/u1/j/jingtao/ReSOM/sbetr/build/3rd-party/pfunit/source /global/u1/j/jingtao/ReSOM/sbetr/build/3rd-party/pfunit/source/CMakeFiles/pfunit.dir/DependInfo.cmake "--color="
make[2]: Leaving directory '/global/u1/j/jingtao/ReSOM/sbetr/build/3rd-party/pfunit'
make  -f source/CMakeFiles/pfunit.dir/build.make source/CMakeFiles/pfunit.dir/build
make[2]: Entering directory '/global/u1/j/jingtao/ReSOM/sbetr/build/3rd-party/pfunit'
[  1%] Building Fortran object source/CMakeFiles/pfunit.dir/AbstractTestParameter.F90.o
cd /global/u1/j/jingtao/ReSOM/sbetr/build/3rd-party/pfunit/source && /opt/intel/oneapi/compiler/2023.2.0/linux/bin/intel64/ifort -DBUILD_ROBUST -DIntel -I/global/u1/j/jingtao/ReSOM/sbetr/build/3rd-party/pfunit/mod -I/global/u1/j/jingtao/ReSOM/sbetr/build/3rd-party/pfunit/source -g -O0 -g -check uninit -check bounds -traceback -assume realloc_lhs  -DCPRINTEL -module ../mod -c /global/homes/j/jingtao/ReSOM/sbetr/3rd-party/pfunit/source/AbstractTestParameter.F90 -o CMakeFiles/pfunit.dir/AbstractTestParameter.F90.o
[  2%] Building Fortran object source/CMakeFiles/pfunit.dir/ParallelContext.F90.o
cd /global/u1/j/jingtao/ReSOM/sbetr/build/3rd-party/pfunit/source && /opt/intel/oneapi/compiler/2023.2.0/linux/bin/intel64/ifort -DBUILD_ROBUST -DIntel -I/global/u1/j/jingtao/ReSOM/sbetr/build/3rd-party/pfunit/mod -I/global/u1/j/jingtao/ReSOM/sbetr/build/3rd-party/pfunit/source -g -O0 -g -check uninit -check bounds -traceback -assume realloc_lhs  -DCPRINTEL -module ../mod -c /global/homes/j/jingtao/ReSOM/sbetr/3rd-party/pfunit/source/ParallelContext.F90 -o CMakeFiles/pfunit.dir/ParallelContext.F90.o
[  3%] Building Fortran object source/CMakeFiles/pfunit.dir/Params.F90.o
cd /global/u1/j/jingtao/ReSOM/sbetr/build/3rd-party/pfunit/source && /opt/intel/oneapi/compiler/2023.2.0/linux/bin/intel64/ifort -DBUILD_ROBUST -DIntel -I/global/u1/j/jingtao/ReSOM/sbetr/build/3rd-party/pfunit/mod -I/global/u1/j/jingtao/ReSOM/sbetr/build/3rd-party/pfunit/source -g -O0 -g -check uninit -check bounds -traceback -assume realloc_lhs  -DCPRINTEL -module ../mod -c /global/homes/j/jingtao/ReSOM/sbetr/3rd-party/pfunit/source/Params.F90 -o CMakeFiles/pfunit.dir/Params.F90.o
[  4%] Building Fortran object source/CMakeFiles/pfunit.dir/SourceLocation.F90.o
cd /global/u1/j/jingtao/ReSOM/sbetr/build/3rd-party/pfunit/source && /opt/intel/oneapi/compiler/2023.2.0/linux/bin/intel64/ifort -DBUILD_ROBUST -DIntel -I/global/u1/j/jingtao/ReSOM/sbetr/build/3rd-party/pfunit/mod -I/global/u1/j/jingtao/ReSOM/sbetr/build/3rd-party/pfunit/source -g -O0 -g -check uninit -check bounds -traceback -assume realloc_lhs  -DCPRINTEL -module ../mod -c /global/homes/j/jingtao/ReSOM/sbetr/3rd-party/pfunit/source/SourceLocation.F90 -o CMakeFiles/pfunit.dir/SourceLocation.F90.o
/global/common/software/nersc9/cmake/3.30.2-8befa77c19df1cc9a69766c978f2e12d5f9022ef/bin/cmake -E cmake_copy_f90_mod mod/abstracttestparameter_mod.mod source/CMakeFiles/pfunit.dir/abstracttestparameter_mod.mod.stamp Intel
/global/common/software/nersc9/cmake/3.30.2-8befa77c19df1cc9a69766c978f2e12d5f9022ef/bin/cmake -E cmake_copy_f90_mod mod/parallelcontext_mod.mod source/CMakeFiles/pfunit.dir/parallelcontext_mod.mod.stamp Intel
/global/common/software/nersc9/cmake/3.30.2-8befa77c19df1cc9a69766c978f2e12d5f9022ef/bin/cmake -E cmake_copy_f90_mod mod/sourcelocation_mod.mod source/CMakeFiles/pfunit.dir/sourcelocation_mod.mod.stamp Intel
/global/common/software/nersc9/cmake/3.30.2-8befa77c19df1cc9a69766c978f2e12d5f9022ef/bin/cmake -E cmake_copy_f90_mod mod/params_mod.mod source/CMakeFiles/pfunit.dir/params_mod.mod.stamp Intel
[  5%] Building Fortran object source/CMakeFiles/pfunit.dir/SurrogateTestCase.F90.o
cd /global/u1/j/jingtao/ReSOM/sbetr/build/3rd-party/pfunit/source && /opt/intel/oneapi/compiler/2023.2.0/linux/bin/intel64/ifort -DBUILD_ROBUST -DIntel -I/global/u1/j/jingtao/ReSOM/sbetr/build/3rd-party/pfunit/mod -I/global/u1/j/jingtao/ReSOM/sbetr/build/3rd-party/pfunit/source -g -O0 -g -check uninit -check bounds -traceback -assume realloc_lhs  -DCPRINTEL -module ../mod -c /global/homes/j/jingtao/ReSOM/sbetr/3rd-party/pfunit/source/SurrogateTestCase.F90 -o CMakeFiles/pfunit.dir/SurrogateTestCase.F90.o
[  6%] Building Fortran object source/CMakeFiles/pfunit.dir/UnixPipeInterfaces.F90.o
cd /global/u1/j/jingtao/ReSOM/sbetr/build/3rd-party/pfunit/source && /opt/intel/oneapi/compiler/2023.2.0/linux/bin/intel64/ifort -DBUILD_ROBUST -DIntel -I/global/u1/j/jingtao/ReSOM/sbetr/build/3rd-party/pfunit/mod -I/global/u1/j/jingtao/ReSOM/sbetr/build/3rd-party/pfunit/source -g -O0 -g -check uninit -check bounds -traceback -assume realloc_lhs  -DCPRINTEL -module ../mod -c /global/homes/j/jingtao/ReSOM/sbetr/3rd-party/pfunit/source/UnixPipeInterfaces.F90 -o CMakeFiles/pfunit.dir/UnixPipeInterfaces.F90.o
/global/common/software/nersc9/cmake/3.30.2-8befa77c19df1cc9a69766c978f2e12d5f9022ef/bin/cmake -E touch source/CMakeFiles/pfunit.dir/ParallelContext.F90.o.provides.build
/global/common/software/nersc9/cmake/3.30.2-8befa77c19df1cc9a69766c978f2e12d5f9022ef/bin/cmake -E touch source/CMakeFiles/pfunit.dir/Params.F90.o.provides.build
[  7%] Building Fortran object source/CMakeFiles/pfunit.dir/SerialContext.F90.o
cd /global/u1/j/jingtao/ReSOM/sbetr/build/3rd-party/pfunit/source && /opt/intel/oneapi/compiler/2023.2.0/linux/bin/intel64/ifort -DBUILD_ROBUST -DIntel -I/global/u1/j/jingtao/ReSOM/sbetr/build/3rd-party/pfunit/mod -I/global/u1/j/jingtao/ReSOM/sbetr/build/3rd-party/pfunit/source -g -O0 -g -check uninit -check bounds -traceback -assume realloc_lhs  -DCPRINTEL -module ../mod -c /global/homes/j/jingtao/ReSOM/sbetr/3rd-party/pfunit/source/SerialContext.F90 -o CMakeFiles/pfunit.dir/SerialContext.F90.o
/global/common/software/nersc9/cmake/3.30.2-8befa77c19df1cc9a69766c978f2e12d5f9022ef/bin/cmake -E touch source/CMakeFiles/pfunit.dir/SourceLocation.F90.o.provides.build
/global/common/software/nersc9/cmake/3.30.2-8befa77c19df1cc9a69766c978f2e12d5f9022ef/bin/cmake -E touch source/CMakeFiles/pfunit.dir/AbstractTestParameter.F90.o.provides.build
[  8%] Building Fortran object source/CMakeFiles/pfunit.dir/Exception.F90.o
cd /global/u1/j/jingtao/ReSOM/sbetr/build/3rd-party/pfunit/source && /opt/intel/oneapi/compiler/2023.2.0/linux/bin/intel64/ifort -DBUILD_ROBUST -DIntel -I/global/u1/j/jingtao/ReSOM/sbetr/build/3rd-party/pfunit/mod -I/global/u1/j/jingtao/ReSOM/sbetr/build/3rd-party/pfunit/source -g -O0 -g -check uninit -check bounds -traceback -assume realloc_lhs  -DCPRINTEL -module ../mod -c /global/homes/j/jingtao/ReSOM/sbetr/3rd-party/pfunit/source/Exception.F90 -o CMakeFiles/pfunit.dir/Exception.F90.o
/global/common/software/nersc9/cmake/3.30.2-8befa77c19df1cc9a69766c978f2e12d5f9022ef/bin/cmake -E cmake_copy_f90_mod mod/surrogatetestcase_mod.mod source/CMakeFiles/pfunit.dir/surrogatetestcase_mod.mod.stamp Intel
/global/common/software/nersc9/cmake/3.30.2-8befa77c19df1cc9a69766c978f2e12d5f9022ef/bin/cmake -E cmake_copy_f90_mod mod/unixpipeinterfaces_mod.mod source/CMakeFiles/pfunit.dir/unixpipeinterfaces_mod.mod.stamp Intel
[  9%] Building Fortran object source/CMakeFiles/pfunit.dir/StringConversionUtilities.F90.o
cd /global/u1/j/jingtao/ReSOM/sbetr/build/3rd-party/pfunit/source && /opt/intel/oneapi/compiler/2023.2.0/linux/bin/intel64/ifort -DBUILD_ROBUST -DIntel -I/global/u1/j/jingtao/ReSOM/sbetr/build/3rd-party/pfunit/mod -I/global/u1/j/jingtao/ReSOM/sbetr/build/3rd-party/pfunit/source -g -O0 -g -check uninit -check bounds -traceback -assume realloc_lhs  -DCPRINTEL -module ../mod -c /global/homes/j/jingtao/ReSOM/sbetr/3rd-party/pfunit/source/StringConversionUtilities.F90 -o CMakeFiles/pfunit.dir/StringConversionUtilities.F90.o
/global/common/software/nersc9/cmake/3.30.2-8befa77c19df1cc9a69766c978f2e12d5f9022ef/bin/cmake -E touch source/CMakeFiles/pfunit.dir/SurrogateTestCase.F90.o.provides.build
/global/common/software/nersc9/cmake/3.30.2-8befa77c19df1cc9a69766c978f2e12d5f9022ef/bin/cmake -E touch source/CMakeFiles/pfunit.dir/UnixPipeInterfaces.F90.o.provides.build
/global/common/software/nersc9/cmake/3.30.2-8befa77c19df1cc9a69766c978f2e12d5f9022ef/bin/cmake -E cmake_copy_f90_mod mod/serialcontext_mod.mod source/CMakeFiles/pfunit.dir/serialcontext_mod.mod.stamp Intel
/global/common/software/nersc9/cmake/3.30.2-8befa77c19df1cc9a69766c978f2e12d5f9022ef/bin/cmake -E touch source/CMakeFiles/pfunit.dir/SerialContext.F90.o.provides.build
/global/common/software/nersc9/cmake/3.30.2-8befa77c19df1cc9a69766c978f2e12d5f9022ef/bin/cmake -E cmake_copy_f90_mod mod/exception_mod.mod source/CMakeFiles/pfunit.dir/exception_mod.mod.stamp Intel
/global/common/software/nersc9/cmake/3.30.2-8befa77c19df1cc9a69766c978f2e12d5f9022ef/bin/cmake -E cmake_copy_f90_mod mod/privateexception_mod.mod source/CMakeFiles/pfunit.dir/privateexception_mod.mod.stamp Intel
/global/common/software/nersc9/cmake/3.30.2-8befa77c19df1cc9a69766c978f2e12d5f9022ef/bin/cmake -E cmake_copy_f90_mod mod/stringconversionutilities_mod.mod source/CMakeFiles/pfunit.dir/stringconversionutilities_mod.mod.stamp Intel
[ 10%] Building Fortran object source/CMakeFiles/pfunit.dir/TestFailure.F90.o
cd /global/u1/j/jingtao/ReSOM/sbetr/build/3rd-party/pfunit/source && /opt/intel/oneapi/compiler/2023.2.0/linux/bin/intel64/ifort -DBUILD_ROBUST -DIntel -I/global/u1/j/jingtao/ReSOM/sbetr/build/3rd-party/pfunit/mod -I/global/u1/j/jingtao/ReSOM/sbetr/build/3rd-party/pfunit/source -g -O0 -g -check uninit -check bounds -traceback -assume realloc_lhs  -DCPRINTEL -module ../mod -c /global/homes/j/jingtao/ReSOM/sbetr/3rd-party/pfunit/source/TestFailure.F90 -o CMakeFiles/pfunit.dir/TestFailure.F90.o
[ 12%] Building Fortran object source/CMakeFiles/pfunit.dir/MockCall.F90.o
[ 12%] Building Fortran object source/CMakeFiles/pfunit.dir/ParallelException.F90.o
cd /global/u1/j/jingtao/ReSOM/sbetr/build/3rd-party/pfunit/source && /opt/intel/oneapi/compiler/2023.2.0/linux/bin/intel64/ifort -DBUILD_ROBUST -DIntel -I/global/u1/j/jingtao/ReSOM/sbetr/build/3rd-party/pfunit/mod -I/global/u1/j/jingtao/ReSOM/sbetr/build/3rd-party/pfunit/source -g -O0 -g -check uninit -check bounds -traceback -assume realloc_lhs  -DCPRINTEL -module ../mod -c /global/homes/j/jingtao/ReSOM/sbetr/3rd-party/pfunit/source/MockCall.F90 -o CMakeFiles/pfunit.dir/MockCall.F90.o
cd /global/u1/j/jingtao/ReSOM/sbetr/build/3rd-party/pfunit/source && /opt/intel/oneapi/compiler/2023.2.0/linux/bin/intel64/ifort -DBUILD_ROBUST -DIntel -I/global/u1/j/jingtao/ReSOM/sbetr/build/3rd-party/pfunit/mod -I/global/u1/j/jingtao/ReSOM/sbetr/build/3rd-party/pfunit/source -g -O0 -g -check uninit -check bounds -traceback -assume realloc_lhs  -DCPRINTEL -module ../mod -c /global/homes/j/jingtao/ReSOM/sbetr/3rd-party/pfunit/source/ParallelException.F90 -o CMakeFiles/pfunit.dir/ParallelException.F90.o
[ 13%] Building Fortran object source/CMakeFiles/pfunit.dir/AssertBasic.F90.o
cd /global/u1/j/jingtao/ReSOM/sbetr/build/3rd-party/pfunit/source && /opt/intel/oneapi/compiler/2023.2.0/linux/bin/intel64/ifort -DBUILD_ROBUST -DIntel -I/global/u1/j/jingtao/ReSOM/sbetr/build/3rd-party/pfunit/mod -I/global/u1/j/jingtao/ReSOM/sbetr/build/3rd-party/pfunit/source -g -O0 -g -check uninit -check bounds -traceback -assume realloc_lhs  -DCPRINTEL -module ../mod -c /global/homes/j/jingtao/ReSOM/sbetr/3rd-party/pfunit/source/AssertBasic.F90 -o CMakeFiles/pfunit.dir/AssertBasic.F90.o
/global/common/software/nersc9/cmake/3.30.2-8befa77c19df1cc9a69766c978f2e12d5f9022ef/bin/cmake -E touch source/CMakeFiles/pfunit.dir/Exception.F90.o.provides.build
[ 14%] Building Fortran object source/CMakeFiles/pfunit.dir/ThrowFundamentalTypes.F90.o
cd /global/u1/j/jingtao/ReSOM/sbetr/build/3rd-party/pfunit/source && /opt/intel/oneapi/compiler/2023.2.0/linux/bin/intel64/ifort -DBUILD_ROBUST -DIntel -I/global/u1/j/jingtao/ReSOM/sbetr/build/3rd-party/pfunit/mod -I/global/u1/j/jingtao/ReSOM/sbetr/build/3rd-party/pfunit/source -g -O0 -g -check uninit -check bounds -traceback -assume realloc_lhs  -DCPRINTEL -module ../mod -c /global/homes/j/jingtao/ReSOM/sbetr/3rd-party/pfunit/source/ThrowFundamentalTypes.F90 -o CMakeFiles/pfunit.dir/ThrowFundamentalTypes.F90.o
/global/common/software/nersc9/cmake/3.30.2-8befa77c19df1cc9a69766c978f2e12d5f9022ef/bin/cmake -E cmake_copy_f90_mod mod/mockcall_mod.mod source/CMakeFiles/pfunit.dir/mockcall_mod.mod.stamp Intel
/global/common/software/nersc9/cmake/3.30.2-8befa77c19df1cc9a69766c978f2e12d5f9022ef/bin/cmake -E cmake_copy_f90_mod mod/parallelexception_mod.mod source/CMakeFiles/pfunit.dir/parallelexception_mod.mod.stamp Intel
[ 15%] Building Fortran object source/CMakeFiles/pfunit.dir/Expectation.F90.o
cd /global/u1/j/jingtao/ReSOM/sbetr/build/3rd-party/pfunit/source && /opt/intel/oneapi/compiler/2023.2.0/linux/bin/intel64/ifort -DBUILD_ROBUST -DIntel -I/global/u1/j/jingtao/ReSOM/sbetr/build/3rd-party/pfunit/mod -I/global/u1/j/jingtao/ReSOM/sbetr/build/3rd-party/pfunit/source -g -O0 -g -check uninit -check bounds -traceback -assume realloc_lhs  -DCPRINTEL -module ../mod -c /global/homes/j/jingtao/ReSOM/sbetr/3rd-party/pfunit/source/Expectation.F90 -o CMakeFiles/pfunit.dir/Expectation.F90.o
[ 16%] Building Fortran object source/CMakeFiles/pfunit.dir/UnixProcess.F90.o
cd /global/u1/j/jingtao/ReSOM/sbetr/build/3rd-party/pfunit/source && /opt/intel/oneapi/compiler/2023.2.0/linux/bin/intel64/ifort -DBUILD_ROBUST -DIntel -I/global/u1/j/jingtao/ReSOM/sbetr/build/3rd-party/pfunit/mod -I/global/u1/j/jingtao/ReSOM/sbetr/build/3rd-party/pfunit/source -g -O0 -g -check uninit -check bounds -traceback -assume realloc_lhs  -DCPRINTEL -module ../mod -c /global/homes/j/jingtao/ReSOM/sbetr/3rd-party/pfunit/source/UnixProcess.F90 -o CMakeFiles/pfunit.dir/UnixProcess.F90.o
/global/common/software/nersc9/cmake/3.30.2-8befa77c19df1cc9a69766c978f2e12d5f9022ef/bin/cmake -E touch source/CMakeFiles/pfunit.dir/StringConversionUtilities.F90.o.provides.build
/global/common/software/nersc9/cmake/3.30.2-8befa77c19df1cc9a69766c978f2e12d5f9022ef/bin/cmake -E cmake_copy_f90_mod mod/testfailure_mod.mod source/CMakeFiles/pfunit.dir/testfailure_mod.mod.stamp Intel
/global/common/software/nersc9/cmake/3.30.2-8befa77c19df1cc9a69766c978f2e12d5f9022ef/bin/cmake -E cmake_copy_f90_mod mod/assertbasic_mod.mod source/CMakeFiles/pfunit.dir/assertbasic_mod.mod.stamp Intel
/global/common/software/nersc9/cmake/3.30.2-8befa77c19df1cc9a69766c978f2e12d5f9022ef/bin/cmake -E touch source/CMakeFiles/pfunit.dir/MockCall.F90.o.provides.build
/global/common/software/nersc9/cmake/3.30.2-8befa77c19df1cc9a69766c978f2e12d5f9022ef/bin/cmake -E touch source/CMakeFiles/pfunit.dir/ParallelException.F90.o.provides.build
/global/common/software/nersc9/cmake/3.30.2-8befa77c19df1cc9a69766c978f2e12d5f9022ef/bin/cmake -E touch source/CMakeFiles/pfunit.dir/TestFailure.F90.o.provides.build
/global/common/software/nersc9/cmake/3.30.2-8befa77c19df1cc9a69766c978f2e12d5f9022ef/bin/cmake -E cmake_copy_f90_mod mod/throwfundamentaltypes_mod.mod source/CMakeFiles/pfunit.dir/throwfundamentaltypes_mod.mod.stamp Intel
/global/common/software/nersc9/cmake/3.30.2-8befa77c19df1cc9a69766c978f2e12d5f9022ef/bin/cmake -E touch source/CMakeFiles/pfunit.dir/AssertBasic.F90.o.provides.build
[ 17%] Building Fortran object source/CMakeFiles/pfunit.dir/AbstractTestResult.F90.o
cd /global/u1/j/jingtao/ReSOM/sbetr/build/3rd-party/pfunit/source && /opt/intel/oneapi/compiler/2023.2.0/linux/bin/intel64/ifort -DBUILD_ROBUST -DIntel -I/global/u1/j/jingtao/ReSOM/sbetr/build/3rd-party/pfunit/mod -I/global/u1/j/jingtao/ReSOM/sbetr/build/3rd-party/pfunit/source -g -O0 -g -check uninit -check bounds -traceback -assume realloc_lhs  -DCPRINTEL -module ../mod -c /global/homes/j/jingtao/ReSOM/sbetr/3rd-party/pfunit/source/AbstractTestResult.F90 -o CMakeFiles/pfunit.dir/AbstractTestResult.F90.o
/global/common/software/nersc9/cmake/3.30.2-8befa77c19df1cc9a69766c978f2e12d5f9022ef/bin/cmake -E cmake_copy_f90_mod mod/expectation_mod.mod source/CMakeFiles/pfunit.dir/expectation_mod.mod.stamp Intel
[ 18%] Building Fortran object source/CMakeFiles/pfunit.dir/AssertArraysSupport.F90.o
cd /global/u1/j/jingtao/ReSOM/sbetr/build/3rd-party/pfunit/source && /opt/intel/oneapi/compiler/2023.2.0/linux/bin/intel64/ifort -DBUILD_ROBUST -DIntel -I/global/u1/j/jingtao/ReSOM/sbetr/build/3rd-party/pfunit/mod -I/global/u1/j/jingtao/ReSOM/sbetr/build/3rd-party/pfunit/source -g -O0 -g -check uninit -check bounds -traceback -assume realloc_lhs  -DCPRINTEL -module ../mod -c /global/u1/j/jingtao/ReSOM/sbetr/build/3rd-party/pfunit/source/AssertArraysSupport.F90 -o CMakeFiles/pfunit.dir/AssertArraysSupport.F90.o
/global/common/software/nersc9/cmake/3.30.2-8befa77c19df1cc9a69766c978f2e12d5f9022ef/bin/cmake -E touch source/CMakeFiles/pfunit.dir/ThrowFundamentalTypes.F90.o.provides.build
[ 20%] Building Fortran object source/CMakeFiles/pfunit.dir/AssertArraysInternalassertEqual.F90.o
cd /global/u1/j/jingtao/ReSOM/sbetr/build/3rd-party/pfunit/source && /opt/intel/oneapi/compiler/2023.2.0/linux/bin/intel64/ifort -DBUILD_ROBUST -DIntel -I/global/u1/j/jingtao/ReSOM/sbetr/build/3rd-party/pfunit/mod -I/global/u1/j/jingtao/ReSOM/sbetr/build/3rd-party/pfunit/source -g -O0 -g -check uninit -check bounds -traceback -assume realloc_lhs  -DCPRINTEL -module ../mod -c /global/u1/j/jingtao/ReSOM/sbetr/build/3rd-party/pfunit/source/AssertArraysInternalassertEqual.F90 -o CMakeFiles/pfunit.dir/AssertArraysInternalassertEqual.F90.o
[ 21%] Building Fortran object source/CMakeFiles/pfunit.dir/AssertArraysInternalassertNotEqual.F90.o
cd /global/u1/j/jingtao/ReSOM/sbetr/build/3rd-party/pfunit/source && /opt/intel/oneapi/compiler/2023.2.0/linux/bin/intel64/ifort -DBUILD_ROBUST -DIntel -I/global/u1/j/jingtao/ReSOM/sbetr/build/3rd-party/pfunit/mod -I/global/u1/j/jingtao/ReSOM/sbetr/build/3rd-party/pfunit/source -g -O0 -g -check uninit -check bounds -traceback -assume realloc_lhs  -DCPRINTEL -module ../mod -c /global/u1/j/jingtao/ReSOM/sbetr/build/3rd-party/pfunit/source/AssertArraysInternalassertNotEqual.F90 -o CMakeFiles/pfunit.dir/AssertArraysInternalassertNotEqual.F90.o
[ 22%] Building Fortran object source/CMakeFiles/pfunit.dir/AssertArraysInternalassertRelativelyEqual.F90.o
cd /global/u1/j/jingtao/ReSOM/sbetr/build/3rd-party/pfunit/source && /opt/intel/oneapi/compiler/2023.2.0/linux/bin/intel64/ifort -DBUILD_ROBUST -DIntel -I/global/u1/j/jingtao/ReSOM/sbetr/build/3rd-party/pfunit/mod -I/global/u1/j/jingtao/ReSOM/sbetr/build/3rd-party/pfunit/source -g -O0 -g -check uninit -check bounds -traceback -assume realloc_lhs  -DCPRINTEL -module ../mod -c /global/u1/j/jingtao/ReSOM/sbetr/build/3rd-party/pfunit/source/AssertArraysInternalassertRelativelyEqual.F90 -o CMakeFiles/pfunit.dir/AssertArraysInternalassertRelativelyEqual.F90.o
[ 23%] Building Fortran object source/CMakeFiles/pfunit.dir/AssertArraysInternalassertGreaterThan.F90.o
cd /global/u1/j/jingtao/ReSOM/sbetr/build/3rd-party/pfunit/source && /opt/intel/oneapi/compiler/2023.2.0/linux/bin/intel64/ifort -DBUILD_ROBUST -DIntel -I/global/u1/j/jingtao/ReSOM/sbetr/build/3rd-party/pfunit/mod -I/global/u1/j/jingtao/ReSOM/sbetr/build/3rd-party/pfunit/source -g -O0 -g -check uninit -check bounds -traceback -assume realloc_lhs  -DCPRINTEL -module ../mod -c /global/u1/j/jingtao/ReSOM/sbetr/build/3rd-party/pfunit/source/AssertArraysInternalassertGreaterThan.F90 -o CMakeFiles/pfunit.dir/AssertArraysInternalassertGreaterThan.F90.o
[ 24%] Building Fortran object source/CMakeFiles/pfunit.dir/AssertArraysInternalassertGreaterThanOrEqual.F90.o
cd /global/u1/j/jingtao/ReSOM/sbetr/build/3rd-party/pfunit/source && /opt/intel/oneapi/compiler/2023.2.0/linux/bin/intel64/ifort -DBUILD_ROBUST -DIntel -I/global/u1/j/jingtao/ReSOM/sbetr/build/3rd-party/pfunit/mod -I/global/u1/j/jingtao/ReSOM/sbetr/build/3rd-party/pfunit/source -g -O0 -g -check uninit -check bounds -traceback -assume realloc_lhs  -DCPRINTEL -module ../mod -c /global/u1/j/jingtao/ReSOM/sbetr/build/3rd-party/pfunit/source/AssertArraysInternalassertGreaterThanOrEqual.F90 -o CMakeFiles/pfunit.dir/AssertArraysInternalassertGreaterThanOrEqual.F90.o
[ 25%] Building Fortran object source/CMakeFiles/pfunit.dir/AssertArraysInternalassertLessThan.F90.o
cd /global/u1/j/jingtao/ReSOM/sbetr/build/3rd-party/pfunit/source && /opt/intel/oneapi/compiler/2023.2.0/linux/bin/intel64/ifort -DBUILD_ROBUST -DIntel -I/global/u1/j/jingtao/ReSOM/sbetr/build/3rd-party/pfunit/mod -I/global/u1/j/jingtao/ReSOM/sbetr/build/3rd-party/pfunit/source -g -O0 -g -check uninit -check bounds -traceback -assume realloc_lhs  -DCPRINTEL -module ../mod -c /global/u1/j/jingtao/ReSOM/sbetr/build/3rd-party/pfunit/source/AssertArraysInternalassertLessThan.F90 -o CMakeFiles/pfunit.dir/AssertArraysInternalassertLessThan.F90.o
[ 26%] Building Fortran object source/CMakeFiles/pfunit.dir/AssertArraysInternalassertLessThanOrEqual.F90.o
cd /global/u1/j/jingtao/ReSOM/sbetr/build/3rd-party/pfunit/source && /opt/intel/oneapi/compiler/2023.2.0/linux/bin/intel64/ifort -DBUILD_ROBUST -DIntel -I/global/u1/j/jingtao/ReSOM/sbetr/build/3rd-party/pfunit/mod -I/global/u1/j/jingtao/ReSOM/sbetr/build/3rd-party/pfunit/source -g -O0 -g -check uninit -check bounds -traceback -assume realloc_lhs  -DCPRINTEL -module ../mod -c /global/u1/j/jingtao/ReSOM/sbetr/build/3rd-party/pfunit/source/AssertArraysInternalassertLessThanOrEqual.F90 -o CMakeFiles/pfunit.dir/AssertArraysInternalassertLessThanOrEqual.F90.o
/global/common/software/nersc9/cmake/3.30.2-8befa77c19df1cc9a69766c978f2e12d5f9022ef/bin/cmake -E touch source/CMakeFiles/pfunit.dir/Expectation.F90.o.provides.build
[ 27%] Building Fortran object source/CMakeFiles/pfunit.dir/MockRepository.F90.o
cd /global/u1/j/jingtao/ReSOM/sbetr/build/3rd-party/pfunit/source && /opt/intel/oneapi/compiler/2023.2.0/linux/bin/intel64/ifort -DBUILD_ROBUST -DIntel -I/global/u1/j/jingtao/ReSOM/sbetr/build/3rd-party/pfunit/mod -I/global/u1/j/jingtao/ReSOM/sbetr/build/3rd-party/pfunit/source -g -O0 -g -check uninit -check bounds -traceback -assume realloc_lhs  -DCPRINTEL -module ../mod -c /global/homes/j/jingtao/ReSOM/sbetr/3rd-party/pfunit/source/MockRepository.F90 -o CMakeFiles/pfunit.dir/MockRepository.F90.o
/global/common/software/nersc9/cmake/3.30.2-8befa77c19df1cc9a69766c978f2e12d5f9022ef/bin/cmake -E cmake_copy_f90_mod mod/unixprocess_mod.mod source/CMakeFiles/pfunit.dir/unixprocess_mod.mod.stamp Intel
/global/common/software/nersc9/cmake/3.30.2-8befa77c19df1cc9a69766c978f2e12d5f9022ef/bin/cmake -E cmake_copy_f90_mod mod/abstracttestresult_mod.mod source/CMakeFiles/pfunit.dir/abstracttestresult_mod.mod.stamp Intel
/global/common/software/nersc9/cmake/3.30.2-8befa77c19df1cc9a69766c978f2e12d5f9022ef/bin/cmake -E cmake_copy_f90_mod mod/assertarraysinternalassertequal_mod.mod source/CMakeFiles/pfunit.dir/assertarraysinternalassertequal_mod.mod.stamp Intel
/global/common/software/nersc9/cmake/3.30.2-8befa77c19df1cc9a69766c978f2e12d5f9022ef/bin/cmake -E cmake_copy_f90_mod mod/assertarraysinternalassertnotequal_mod.mod source/CMakeFiles/pfunit.dir/assertarraysinternalassertnotequal_mod.mod.stamp Intel
/global/common/software/nersc9/cmake/3.30.2-8befa77c19df1cc9a69766c978f2e12d5f9022ef/bin/cmake -E cmake_copy_f90_mod mod/assertarraysinternalassertrelativelyequal_mod.mod source/CMakeFiles/pfunit.dir/assertarraysinternalassertrelativelyequal_mod.mod.stamp Intel
/global/common/software/nersc9/cmake/3.30.2-8befa77c19df1cc9a69766c978f2e12d5f9022ef/bin/cmake -E cmake_copy_f90_mod mod/assertarrayssupport_mod.mod source/CMakeFiles/pfunit.dir/assertarrayssupport_mod.mod.stamp Intel
/global/common/software/nersc9/cmake/3.30.2-8befa77c19df1cc9a69766c978f2e12d5f9022ef/bin/cmake -E cmake_copy_f90_mod mod/assertarraysinternalassertgreaterthan_mod.mod source/CMakeFiles/pfunit.dir/assertarraysinternalassertgreaterthan_mod.mod.stamp Intel
/global/common/software/nersc9/cmake/3.30.2-8befa77c19df1cc9a69766c978f2e12d5f9022ef/bin/cmake -E touch source/CMakeFiles/pfunit.dir/AssertArraysInternalassertEqual.F90.o.provides.build
/global/common/software/nersc9/cmake/3.30.2-8befa77c19df1cc9a69766c978f2e12d5f9022ef/bin/cmake -E touch source/CMakeFiles/pfunit.dir/AssertArraysInternalassertGreaterThan.F90.o.provides.build
/global/common/software/nersc9/cmake/3.30.2-8befa77c19df1cc9a69766c978f2e12d5f9022ef/bin/cmake -E touch source/CMakeFiles/pfunit.dir/AssertArraysInternalassertNotEqual.F90.o.provides.build
/global/common/software/nersc9/cmake/3.30.2-8befa77c19df1cc9a69766c978f2e12d5f9022ef/bin/cmake -E touch source/CMakeFiles/pfunit.dir/AssertArraysInternalassertRelativelyEqual.F90.o.provides.build
/global/common/software/nersc9/cmake/3.30.2-8befa77c19df1cc9a69766c978f2e12d5f9022ef/bin/cmake -E touch source/CMakeFiles/pfunit.dir/AssertArraysSupport.F90.o.provides.build
[ 28%] Building Fortran object source/CMakeFiles/pfunit.dir/TestListener.F90.o
cd /global/u1/j/jingtao/ReSOM/sbetr/build/3rd-party/pfunit/source && /opt/intel/oneapi/compiler/2023.2.0/linux/bin/intel64/ifort -DBUILD_ROBUST -DIntel -I/global/u1/j/jingtao/ReSOM/sbetr/build/3rd-party/pfunit/mod -I/global/u1/j/jingtao/ReSOM/sbetr/build/3rd-party/pfunit/source -g -O0 -g -check uninit -check bounds -traceback -assume realloc_lhs  -DCPRINTEL -module ../mod -c /global/homes/j/jingtao/ReSOM/sbetr/3rd-party/pfunit/source/TestListener.F90 -o CMakeFiles/pfunit.dir/TestListener.F90.o
/global/common/software/nersc9/cmake/3.30.2-8befa77c19df1cc9a69766c978f2e12d5f9022ef/bin/cmake -E cmake_copy_f90_mod mod/mockrepository_mod.mod source/CMakeFiles/pfunit.dir/mockrepository_mod.mod.stamp Intel
/global/common/software/nersc9/cmake/3.30.2-8befa77c19df1cc9a69766c978f2e12d5f9022ef/bin/cmake -E touch source/CMakeFiles/pfunit.dir/UnixProcess.F90.o.provides.build
/global/common/software/nersc9/cmake/3.30.2-8befa77c19df1cc9a69766c978f2e12d5f9022ef/bin/cmake -E touch source/CMakeFiles/pfunit.dir/AbstractTestResult.F90.o.provides.build
[ 29%] Building Fortran object source/CMakeFiles/pfunit.dir/AssertComplex0.F90.o
cd /global/u1/j/jingtao/ReSOM/sbetr/build/3rd-party/pfunit/source && /opt/intel/oneapi/compiler/2023.2.0/linux/bin/intel64/ifort -DBUILD_ROBUST -DIntel -I/global/u1/j/jingtao/ReSOM/sbetr/build/3rd-party/pfunit/mod -I/global/u1/j/jingtao/ReSOM/sbetr/build/3rd-party/pfunit/source -g -O0 -g -check uninit -check bounds -traceback -assume realloc_lhs  -DCPRINTEL -module ../mod -c /global/u1/j/jingtao/ReSOM/sbetr/build/3rd-party/pfunit/source/AssertComplex0.F90 -o CMakeFiles/pfunit.dir/AssertComplex0.F90.o
[ 30%] Building Fortran object source/CMakeFiles/pfunit.dir/AssertComplex1.F90.o
cd /global/u1/j/jingtao/ReSOM/sbetr/build/3rd-party/pfunit/source && /opt/intel/oneapi/compiler/2023.2.0/linux/bin/intel64/ifort -DBUILD_ROBUST -DIntel -I/global/u1/j/jingtao/ReSOM/sbetr/build/3rd-party/pfunit/mod -I/global/u1/j/jingtao/ReSOM/sbetr/build/3rd-party/pfunit/source -g -O0 -g -check uninit -check bounds -traceback -assume realloc_lhs  -DCPRINTEL -module ../mod -c /global/u1/j/jingtao/ReSOM/sbetr/build/3rd-party/pfunit/source/AssertComplex1.F90 -o CMakeFiles/pfunit.dir/AssertComplex1.F90.o
[ 31%] Building Fortran object source/CMakeFiles/pfunit.dir/AssertComplex2.F90.o
cd /global/u1/j/jingtao/ReSOM/sbetr/build/3rd-party/pfunit/source && /opt/intel/oneapi/compiler/2023.2.0/linux/bin/intel64/ifort -DBUILD_ROBUST -DIntel -I/global/u1/j/jingtao/ReSOM/sbetr/build/3rd-party/pfunit/mod -I/global/u1/j/jingtao/ReSOM/sbetr/build/3rd-party/pfunit/source -g -O0 -g -check uninit -check bounds -traceback -assume realloc_lhs  -DCPRINTEL -module ../mod -c /global/u1/j/jingtao/ReSOM/sbetr/build/3rd-party/pfunit/source/AssertComplex2.F90 -o CMakeFiles/pfunit.dir/AssertComplex2.F90.o
[ 32%] Building Fortran object source/CMakeFiles/pfunit.dir/AssertComplex3.F90.o
cd /global/u1/j/jingtao/ReSOM/sbetr/build/3rd-party/pfunit/source && /opt/intel/oneapi/compiler/2023.2.0/linux/bin/intel64/ifort -DBUILD_ROBUST -DIntel -I/global/u1/j/jingtao/ReSOM/sbetr/build/3rd-party/pfunit/mod -I/global/u1/j/jingtao/ReSOM/sbetr/build/3rd-party/pfunit/source -g -O0 -g -check uninit -check bounds -traceback -assume realloc_lhs  -DCPRINTEL -module ../mod -c /global/u1/j/jingtao/ReSOM/sbetr/build/3rd-party/pfunit/source/AssertComplex3.F90 -o CMakeFiles/pfunit.dir/AssertComplex3.F90.o
[ 33%] Building Fortran object source/CMakeFiles/pfunit.dir/AssertComplex4.F90.o
cd /global/u1/j/jingtao/ReSOM/sbetr/build/3rd-party/pfunit/source && /opt/intel/oneapi/compiler/2023.2.0/linux/bin/intel64/ifort -DBUILD_ROBUST -DIntel -I/global/u1/j/jingtao/ReSOM/sbetr/build/3rd-party/pfunit/mod -I/global/u1/j/jingtao/ReSOM/sbetr/build/3rd-party/pfunit/source -g -O0 -g -check uninit -check bounds -traceback -assume realloc_lhs  -DCPRINTEL -module ../mod -c /global/u1/j/jingtao/ReSOM/sbetr/build/3rd-party/pfunit/source/AssertComplex4.F90 -o CMakeFiles/pfunit.dir/AssertComplex4.F90.o
/global/common/software/nersc9/cmake/3.30.2-8befa77c19df1cc9a69766c978f2e12d5f9022ef/bin/cmake -E cmake_copy_f90_mod mod/assertarraysinternalassertlessthan_mod.mod source/CMakeFiles/pfunit.dir/assertarraysinternalassertlessthan_mod.mod.stamp Intel
[ 34%] Building Fortran object source/CMakeFiles/pfunit.dir/AssertComplex5.F90.o
cd /global/u1/j/jingtao/ReSOM/sbetr/build/3rd-party/pfunit/source && /opt/intel/oneapi/compiler/2023.2.0/linux/bin/intel64/ifort -DBUILD_ROBUST -DIntel -I/global/u1/j/jingtao/ReSOM/sbetr/build/3rd-party/pfunit/mod -I/global/u1/j/jingtao/ReSOM/sbetr/build/3rd-party/pfunit/source -g -O0 -g -check uninit -check bounds -traceback -assume realloc_lhs  -DCPRINTEL -module ../mod -c /global/u1/j/jingtao/ReSOM/sbetr/build/3rd-party/pfunit/source/AssertComplex5.F90 -o CMakeFiles/pfunit.dir/AssertComplex5.F90.o
/global/common/software/nersc9/cmake/3.30.2-8befa77c19df1cc9a69766c978f2e12d5f9022ef/bin/cmake -E cmake_copy_f90_mod mod/testlistener_mod.mod source/CMakeFiles/pfunit.dir/testlistener_mod.mod.stamp Intel
/global/common/software/nersc9/cmake/3.30.2-8befa77c19df1cc9a69766c978f2e12d5f9022ef/bin/cmake -E touch source/CMakeFiles/pfunit.dir/MockRepository.F90.o.provides.build
[ 35%] Building Fortran object source/CMakeFiles/pfunit.dir/ResultPrinter.F90.o
cd /global/u1/j/jingtao/ReSOM/sbetr/build/3rd-party/pfunit/source && /opt/intel/oneapi/compiler/2023.2.0/linux/bin/intel64/ifort -DBUILD_ROBUST -DIntel -I/global/u1/j/jingtao/ReSOM/sbetr/build/3rd-party/pfunit/mod -I/global/u1/j/jingtao/ReSOM/sbetr/build/3rd-party/pfunit/source -g -O0 -g -check uninit -check bounds -traceback -assume realloc_lhs  -DCPRINTEL -module ../mod -c /global/homes/j/jingtao/ReSOM/sbetr/3rd-party/pfunit/source/ResultPrinter.F90 -o CMakeFiles/pfunit.dir/ResultPrinter.F90.o
/global/common/software/nersc9/cmake/3.30.2-8befa77c19df1cc9a69766c978f2e12d5f9022ef/bin/cmake -E touch source/CMakeFiles/pfunit.dir/TestListener.F90.o.provides.build
[ 36%] Building Fortran object source/CMakeFiles/pfunit.dir/XmlPrinter.F90.o
cd /global/u1/j/jingtao/ReSOM/sbetr/build/3rd-party/pfunit/source && /opt/intel/oneapi/compiler/2023.2.0/linux/bin/intel64/ifort -DBUILD_ROBUST -DIntel -I/global/u1/j/jingtao/ReSOM/sbetr/build/3rd-party/pfunit/mod -I/global/u1/j/jingtao/ReSOM/sbetr/build/3rd-party/pfunit/source -g -O0 -g -check uninit -check bounds -traceback -assume realloc_lhs  -DCPRINTEL -module ../mod -c /global/homes/j/jingtao/ReSOM/sbetr/3rd-party/pfunit/source/XmlPrinter.F90 -o CMakeFiles/pfunit.dir/XmlPrinter.F90.o
/global/common/software/nersc9/cmake/3.30.2-8befa77c19df1cc9a69766c978f2e12d5f9022ef/bin/cmake -E cmake_copy_f90_mod mod/assertcomplex0_mod.mod source/CMakeFiles/pfunit.dir/assertcomplex0_mod.mod.stamp Intel
/global/common/software/nersc9/cmake/3.30.2-8befa77c19df1cc9a69766c978f2e12d5f9022ef/bin/cmake -E cmake_copy_f90_mod mod/assertcomplex1_mod.mod source/CMakeFiles/pfunit.dir/assertcomplex1_mod.mod.stamp Intel
/global/common/software/nersc9/cmake/3.30.2-8befa77c19df1cc9a69766c978f2e12d5f9022ef/bin/cmake -E cmake_copy_f90_mod mod/assertcomplex2_mod.mod source/CMakeFiles/pfunit.dir/assertcomplex2_mod.mod.stamp Intel
/global/common/software/nersc9/cmake/3.30.2-8befa77c19df1cc9a69766c978f2e12d5f9022ef/bin/cmake -E cmake_copy_f90_mod mod/assertcomplex3_mod.mod source/CMakeFiles/pfunit.dir/assertcomplex3_mod.mod.stamp Intel
/global/common/software/nersc9/cmake/3.30.2-8befa77c19df1cc9a69766c978f2e12d5f9022ef/bin/cmake -E cmake_copy_f90_mod mod/assertarraysinternalassertgreaterthanorequal_mod.mod source/CMakeFiles/pfunit.dir/assertarraysinternalassertgreaterthanorequal_mod.mod.stamp Intel
/global/common/software/nersc9/cmake/3.30.2-8befa77c19df1cc9a69766c978f2e12d5f9022ef/bin/cmake -E touch source/CMakeFiles/pfunit.dir/AssertArraysInternalassertLessThan.F90.o.provides.build
/global/common/software/nersc9/cmake/3.30.2-8befa77c19df1cc9a69766c978f2e12d5f9022ef/bin/cmake -E touch source/CMakeFiles/pfunit.dir/AssertComplex0.F90.o.provides.build
/global/common/software/nersc9/cmake/3.30.2-8befa77c19df1cc9a69766c978f2e12d5f9022ef/bin/cmake -E touch source/CMakeFiles/pfunit.dir/AssertComplex1.F90.o.provides.build
/global/common/software/nersc9/cmake/3.30.2-8befa77c19df1cc9a69766c978f2e12d5f9022ef/bin/cmake -E touch source/CMakeFiles/pfunit.dir/AssertComplex2.F90.o.provides.build
/global/common/software/nersc9/cmake/3.30.2-8befa77c19df1cc9a69766c978f2e12d5f9022ef/bin/cmake -E touch source/CMakeFiles/pfunit.dir/AssertComplex3.F90.o.provides.build
[ 37%] Building Fortran object source/CMakeFiles/pfunit.dir/TestResult.F90.o
cd /global/u1/j/jingtao/ReSOM/sbetr/build/3rd-party/pfunit/source && /opt/intel/oneapi/compiler/2023.2.0/linux/bin/intel64/ifort -DBUILD_ROBUST -DIntel -I/global/u1/j/jingtao/ReSOM/sbetr/build/3rd-party/pfunit/mod -I/global/u1/j/jingtao/ReSOM/sbetr/build/3rd-party/pfunit/source -g -O0 -g -check uninit -check bounds -traceback -assume realloc_lhs  -DCPRINTEL -module ../mod -c /global/homes/j/jingtao/ReSOM/sbetr/3rd-party/pfunit/source/TestResult.F90 -o CMakeFiles/pfunit.dir/TestResult.F90.o
[ 38%] Building Fortran object source/CMakeFiles/pfunit.dir/DebugListener.F90.o
cd /global/u1/j/jingtao/ReSOM/sbetr/build/3rd-party/pfunit/source && /opt/intel/oneapi/compiler/2023.2.0/linux/bin/intel64/ifort -DBUILD_ROBUST -DIntel -I/global/u1/j/jingtao/ReSOM/sbetr/build/3rd-party/pfunit/mod -I/global/u1/j/jingtao/ReSOM/sbetr/build/3rd-party/pfunit/source -g -O0 -g -check uninit -check bounds -traceback -assume realloc_lhs  -DCPRINTEL -module ../mod -c /global/homes/j/jingtao/ReSOM/sbetr/3rd-party/pfunit/source/DebugListener.F90 -o CMakeFiles/pfunit.dir/DebugListener.F90.o
/global/common/software/nersc9/cmake/3.30.2-8befa77c19df1cc9a69766c978f2e12d5f9022ef/bin/cmake -E cmake_copy_f90_mod mod/resultprinter_mod.mod source/CMakeFiles/pfunit.dir/resultprinter_mod.mod.stamp Intel
/global/common/software/nersc9/cmake/3.30.2-8befa77c19df1cc9a69766c978f2e12d5f9022ef/bin/cmake -E cmake_copy_f90_mod mod/xmlprinter_mod.mod source/CMakeFiles/pfunit.dir/xmlprinter_mod.mod.stamp Intel
/global/common/software/nersc9/cmake/3.30.2-8befa77c19df1cc9a69766c978f2e12d5f9022ef/bin/cmake -E cmake_copy_f90_mod mod/assertcomplex4_mod.mod source/CMakeFiles/pfunit.dir/assertcomplex4_mod.mod.stamp Intel
/global/common/software/nersc9/cmake/3.30.2-8befa77c19df1cc9a69766c978f2e12d5f9022ef/bin/cmake -E cmake_copy_f90_mod mod/assertarraysinternalassertlessthanorequal_mod.mod source/CMakeFiles/pfunit.dir/assertarraysinternalassertlessthanorequal_mod.mod.stamp Intel
/global/common/software/nersc9/cmake/3.30.2-8befa77c19df1cc9a69766c978f2e12d5f9022ef/bin/cmake -E touch source/CMakeFiles/pfunit.dir/AssertArraysInternalassertGreaterThanOrEqual.F90.o.provides.build
/global/common/software/nersc9/cmake/3.30.2-8befa77c19df1cc9a69766c978f2e12d5f9022ef/bin/cmake -E cmake_copy_f90_mod mod/testresult_mod.mod source/CMakeFiles/pfunit.dir/testresult_mod.mod.stamp Intel
/global/common/software/nersc9/cmake/3.30.2-8befa77c19df1cc9a69766c978f2e12d5f9022ef/bin/cmake -E cmake_copy_f90_mod mod/debuglistener_mod.mod source/CMakeFiles/pfunit.dir/debuglistener_mod.mod.stamp Intel
/global/common/software/nersc9/cmake/3.30.2-8befa77c19df1cc9a69766c978f2e12d5f9022ef/bin/cmake -E touch source/CMakeFiles/pfunit.dir/ResultPrinter.F90.o.provides.build
/global/common/software/nersc9/cmake/3.30.2-8befa77c19df1cc9a69766c978f2e12d5f9022ef/bin/cmake -E touch source/CMakeFiles/pfunit.dir/XmlPrinter.F90.o.provides.build
[ 40%] Building Fortran object source/CMakeFiles/pfunit.dir/AssertInteger0.F90.o
cd /global/u1/j/jingtao/ReSOM/sbetr/build/3rd-party/pfunit/source && /opt/intel/oneapi/compiler/2023.2.0/linux/bin/intel64/ifort -DBUILD_ROBUST -DIntel -I/global/u1/j/jingtao/ReSOM/sbetr/build/3rd-party/pfunit/mod -I/global/u1/j/jingtao/ReSOM/sbetr/build/3rd-party/pfunit/source -g -O0 -g -check uninit -check bounds -traceback -assume realloc_lhs  -DCPRINTEL -module ../mod -c /global/u1/j/jingtao/ReSOM/sbetr/build/3rd-party/pfunit/source/AssertInteger0.F90 -o CMakeFiles/pfunit.dir/AssertInteger0.F90.o
[ 42%] Building Fortran object source/CMakeFiles/pfunit.dir/AssertInteger1.F90.o
[ 42%] Building Fortran object source/CMakeFiles/pfunit.dir/AssertInteger2.F90.o
cd /global/u1/j/jingtao/ReSOM/sbetr/build/3rd-party/pfunit/source && /opt/intel/oneapi/compiler/2023.2.0/linux/bin/intel64/ifort -DBUILD_ROBUST -DIntel -I/global/u1/j/jingtao/ReSOM/sbetr/build/3rd-party/pfunit/mod -I/global/u1/j/jingtao/ReSOM/sbetr/build/3rd-party/pfunit/source -g -O0 -g -check uninit -check bounds -traceback -assume realloc_lhs  -DCPRINTEL -module ../mod -c /global/u1/j/jingtao/ReSOM/sbetr/build/3rd-party/pfunit/source/AssertInteger1.F90 -o CMakeFiles/pfunit.dir/AssertInteger1.F90.o
cd /global/u1/j/jingtao/ReSOM/sbetr/build/3rd-party/pfunit/source && /opt/intel/oneapi/compiler/2023.2.0/linux/bin/intel64/ifort -DBUILD_ROBUST -DIntel -I/global/u1/j/jingtao/ReSOM/sbetr/build/3rd-party/pfunit/mod -I/global/u1/j/jingtao/ReSOM/sbetr/build/3rd-party/pfunit/source -g -O0 -g -check uninit -check bounds -traceback -assume realloc_lhs  -DCPRINTEL -module ../mod -c /global/u1/j/jingtao/ReSOM/sbetr/build/3rd-party/pfunit/source/AssertInteger2.F90 -o CMakeFiles/pfunit.dir/AssertInteger2.F90.o
[ 43%] Building Fortran object source/CMakeFiles/pfunit.dir/AssertInteger3.F90.o
cd /global/u1/j/jingtao/ReSOM/sbetr/build/3rd-party/pfunit/source && /opt/intel/oneapi/compiler/2023.2.0/linux/bin/intel64/ifort -DBUILD_ROBUST -DIntel -I/global/u1/j/jingtao/ReSOM/sbetr/build/3rd-party/pfunit/mod -I/global/u1/j/jingtao/ReSOM/sbetr/build/3rd-party/pfunit/source -g -O0 -g -check uninit -check bounds -traceback -assume realloc_lhs  -DCPRINTEL -module ../mod -c /global/u1/j/jingtao/ReSOM/sbetr/build/3rd-party/pfunit/source/AssertInteger3.F90 -o CMakeFiles/pfunit.dir/AssertInteger3.F90.o
[ 44%] Building Fortran object source/CMakeFiles/pfunit.dir/AssertInteger4.F90.o
cd /global/u1/j/jingtao/ReSOM/sbetr/build/3rd-party/pfunit/source && /opt/intel/oneapi/compiler/2023.2.0/linux/bin/intel64/ifort -DBUILD_ROBUST -DIntel -I/global/u1/j/jingtao/ReSOM/sbetr/build/3rd-party/pfunit/mod -I/global/u1/j/jingtao/ReSOM/sbetr/build/3rd-party/pfunit/source -g -O0 -g -check uninit -check bounds -traceback -assume realloc_lhs  -DCPRINTEL -module ../mod -c /global/u1/j/jingtao/ReSOM/sbetr/build/3rd-party/pfunit/source/AssertInteger4.F90 -o CMakeFiles/pfunit.dir/AssertInteger4.F90.o
[ 45%] Building Fortran object source/CMakeFiles/pfunit.dir/AssertInteger5.F90.o
cd /global/u1/j/jingtao/ReSOM/sbetr/build/3rd-party/pfunit/source && /opt/intel/oneapi/compiler/2023.2.0/linux/bin/intel64/ifort -DBUILD_ROBUST -DIntel -I/global/u1/j/jingtao/ReSOM/sbetr/build/3rd-party/pfunit/mod -I/global/u1/j/jingtao/ReSOM/sbetr/build/3rd-party/pfunit/source -g -O0 -g -check uninit -check bounds -traceback -assume realloc_lhs  -DCPRINTEL -module ../mod -c /global/u1/j/jingtao/ReSOM/sbetr/build/3rd-party/pfunit/source/AssertInteger5.F90 -o CMakeFiles/pfunit.dir/AssertInteger5.F90.o
[ 46%] Building Fortran object source/CMakeFiles/pfunit.dir/AssertReal0.F90.o
cd /global/u1/j/jingtao/ReSOM/sbetr/build/3rd-party/pfunit/source && /opt/intel/oneapi/compiler/2023.2.0/linux/bin/intel64/ifort -DBUILD_ROBUST -DIntel -I/global/u1/j/jingtao/ReSOM/sbetr/build/3rd-party/pfunit/mod -I/global/u1/j/jingtao/ReSOM/sbetr/build/3rd-party/pfunit/source -g -O0 -g -check uninit -check bounds -traceback -assume realloc_lhs  -DCPRINTEL -module ../mod -c /global/u1/j/jingtao/ReSOM/sbetr/build/3rd-party/pfunit/source/AssertReal0.F90 -o CMakeFiles/pfunit.dir/AssertReal0.F90.o
[ 47%] Building Fortran object source/CMakeFiles/pfunit.dir/AssertReal1.F90.o
cd /global/u1/j/jingtao/ReSOM/sbetr/build/3rd-party/pfunit/source && /opt/intel/oneapi/compiler/2023.2.0/linux/bin/intel64/ifort -DBUILD_ROBUST -DIntel -I/global/u1/j/jingtao/ReSOM/sbetr/build/3rd-party/pfunit/mod -I/global/u1/j/jingtao/ReSOM/sbetr/build/3rd-party/pfunit/source -g -O0 -g -check uninit -check bounds -traceback -assume realloc_lhs  -DCPRINTEL -module ../mod -c /global/u1/j/jingtao/ReSOM/sbetr/build/3rd-party/pfunit/source/AssertReal1.F90 -o CMakeFiles/pfunit.dir/AssertReal1.F90.o
[ 48%] Building Fortran object source/CMakeFiles/pfunit.dir/AssertReal2.F90.o
cd /global/u1/j/jingtao/ReSOM/sbetr/build/3rd-party/pfunit/source && /opt/intel/oneapi/compiler/2023.2.0/linux/bin/intel64/ifort -DBUILD_ROBUST -DIntel -I/global/u1/j/jingtao/ReSOM/sbetr/build/3rd-party/pfunit/mod -I/global/u1/j/jingtao/ReSOM/sbetr/build/3rd-party/pfunit/source -g -O0 -g -check uninit -check bounds -traceback -assume realloc_lhs  -DCPRINTEL -module ../mod -c /global/u1/j/jingtao/ReSOM/sbetr/build/3rd-party/pfunit/source/AssertReal2.F90 -o CMakeFiles/pfunit.dir/AssertReal2.F90.o
[ 49%] Building Fortran object source/CMakeFiles/pfunit.dir/AssertReal3.F90.o
cd /global/u1/j/jingtao/ReSOM/sbetr/build/3rd-party/pfunit/source && /opt/intel/oneapi/compiler/2023.2.0/linux/bin/intel64/ifort -DBUILD_ROBUST -DIntel -I/global/u1/j/jingtao/ReSOM/sbetr/build/3rd-party/pfunit/mod -I/global/u1/j/jingtao/ReSOM/sbetr/build/3rd-party/pfunit/source -g -O0 -g -check uninit -check bounds -traceback -assume realloc_lhs  -DCPRINTEL -module ../mod -c /global/u1/j/jingtao/ReSOM/sbetr/build/3rd-party/pfunit/source/AssertReal3.F90 -o CMakeFiles/pfunit.dir/AssertReal3.F90.o
[ 50%] Building Fortran object source/CMakeFiles/pfunit.dir/AssertReal4.F90.o
cd /global/u1/j/jingtao/ReSOM/sbetr/build/3rd-party/pfunit/source && /opt/intel/oneapi/compiler/2023.2.0/linux/bin/intel64/ifort -DBUILD_ROBUST -DIntel -I/global/u1/j/jingtao/ReSOM/sbetr/build/3rd-party/pfunit/mod -I/global/u1/j/jingtao/ReSOM/sbetr/build/3rd-party/pfunit/source -g -O0 -g -check uninit -check bounds -traceback -assume realloc_lhs  -DCPRINTEL -module ../mod -c /global/u1/j/jingtao/ReSOM/sbetr/build/3rd-party/pfunit/source/AssertReal4.F90 -o CMakeFiles/pfunit.dir/AssertReal4.F90.o
[ 51%] Building Fortran object source/CMakeFiles/pfunit.dir/AssertReal5.F90.o
cd /global/u1/j/jingtao/ReSOM/sbetr/build/3rd-party/pfunit/source && /opt/intel/oneapi/compiler/2023.2.0/linux/bin/intel64/ifort -DBUILD_ROBUST -DIntel -I/global/u1/j/jingtao/ReSOM/sbetr/build/3rd-party/pfunit/mod -I/global/u1/j/jingtao/ReSOM/sbetr/build/3rd-party/pfunit/source -g -O0 -g -check uninit -check bounds -traceback -assume realloc_lhs  -DCPRINTEL -module ../mod -c /global/u1/j/jingtao/ReSOM/sbetr/build/3rd-party/pfunit/source/AssertReal5.F90 -o CMakeFiles/pfunit.dir/AssertReal5.F90.o
/global/common/software/nersc9/cmake/3.30.2-8befa77c19df1cc9a69766c978f2e12d5f9022ef/bin/cmake -E touch source/CMakeFiles/pfunit.dir/AssertArraysInternalassertLessThanOrEqual.F90.o.provides.build
/global/common/software/nersc9/cmake/3.30.2-8befa77c19df1cc9a69766c978f2e12d5f9022ef/bin/cmake -E touch source/CMakeFiles/pfunit.dir/AssertComplex4.F90.o.provides.build
[ 52%] Building Fortran object source/CMakeFiles/pfunit.dir/Test.F90.o
cd /global/u1/j/jingtao/ReSOM/sbetr/build/3rd-party/pfunit/source && /opt/intel/oneapi/compiler/2023.2.0/linux/bin/intel64/ifort -DBUILD_ROBUST -DIntel -I/global/u1/j/jingtao/ReSOM/sbetr/build/3rd-party/pfunit/mod -I/global/u1/j/jingtao/ReSOM/sbetr/build/3rd-party/pfunit/source -g -O0 -g -check uninit -check bounds -traceback -assume realloc_lhs  -DCPRINTEL -module ../mod -c /global/homes/j/jingtao/ReSOM/sbetr/3rd-party/pfunit/source/Test.F90 -o CMakeFiles/pfunit.dir/Test.F90.o
/global/common/software/nersc9/cmake/3.30.2-8befa77c19df1cc9a69766c978f2e12d5f9022ef/bin/cmake -E touch source/CMakeFiles/pfunit.dir/DebugListener.F90.o.provides.build
/global/common/software/nersc9/cmake/3.30.2-8befa77c19df1cc9a69766c978f2e12d5f9022ef/bin/cmake -E touch source/CMakeFiles/pfunit.dir/TestResult.F90.o.provides.build
/global/common/software/nersc9/cmake/3.30.2-8befa77c19df1cc9a69766c978f2e12d5f9022ef/bin/cmake -E cmake_copy_f90_mod mod/assertcomplex5_mod.mod source/CMakeFiles/pfunit.dir/assertcomplex5_mod.mod.stamp Intel
/global/common/software/nersc9/cmake/3.30.2-8befa77c19df1cc9a69766c978f2e12d5f9022ef/bin/cmake -E cmake_copy_f90_mod mod/assertinteger0_mod.mod source/CMakeFiles/pfunit.dir/assertinteger0_mod.mod.stamp Intel
/global/common/software/nersc9/cmake/3.30.2-8befa77c19df1cc9a69766c978f2e12d5f9022ef/bin/cmake -E cmake_copy_f90_mod mod/assertinteger1_mod.mod source/CMakeFiles/pfunit.dir/assertinteger1_mod.mod.stamp Intel
/global/common/software/nersc9/cmake/3.30.2-8befa77c19df1cc9a69766c978f2e12d5f9022ef/bin/cmake -E cmake_copy_f90_mod mod/assertinteger2_mod.mod source/CMakeFiles/pfunit.dir/assertinteger2_mod.mod.stamp Intel
/global/common/software/nersc9/cmake/3.30.2-8befa77c19df1cc9a69766c978f2e12d5f9022ef/bin/cmake -E cmake_copy_f90_mod mod/assertinteger3_mod.mod source/CMakeFiles/pfunit.dir/assertinteger3_mod.mod.stamp Intel
/global/common/software/nersc9/cmake/3.30.2-8befa77c19df1cc9a69766c978f2e12d5f9022ef/bin/cmake -E cmake_copy_f90_mod mod/assertinteger4_mod.mod source/CMakeFiles/pfunit.dir/assertinteger4_mod.mod.stamp Intel
/global/common/software/nersc9/cmake/3.30.2-8befa77c19df1cc9a69766c978f2e12d5f9022ef/bin/cmake -E cmake_copy_f90_mod mod/assertinteger5_mod.mod source/CMakeFiles/pfunit.dir/assertinteger5_mod.mod.stamp Intel
/global/common/software/nersc9/cmake/3.30.2-8befa77c19df1cc9a69766c978f2e12d5f9022ef/bin/cmake -E cmake_copy_f90_mod mod/assertreal0_mod.mod source/CMakeFiles/pfunit.dir/assertreal0_mod.mod.stamp Intel
/global/common/software/nersc9/cmake/3.30.2-8befa77c19df1cc9a69766c978f2e12d5f9022ef/bin/cmake -E cmake_copy_f90_mod mod/assertreal1_mod.mod source/CMakeFiles/pfunit.dir/assertreal1_mod.mod.stamp Intel
/global/common/software/nersc9/cmake/3.30.2-8befa77c19df1cc9a69766c978f2e12d5f9022ef/bin/cmake -E cmake_copy_f90_mod mod/assertreal2_mod.mod source/CMakeFiles/pfunit.dir/assertreal2_mod.mod.stamp Intel
/global/common/software/nersc9/cmake/3.30.2-8befa77c19df1cc9a69766c978f2e12d5f9022ef/bin/cmake -E cmake_copy_f90_mod mod/assertreal3_mod.mod source/CMakeFiles/pfunit.dir/assertreal3_mod.mod.stamp Intel
/global/common/software/nersc9/cmake/3.30.2-8befa77c19df1cc9a69766c978f2e12d5f9022ef/bin/cmake -E touch source/CMakeFiles/pfunit.dir/AssertComplex5.F90.o.provides.build
/global/common/software/nersc9/cmake/3.30.2-8befa77c19df1cc9a69766c978f2e12d5f9022ef/bin/cmake -E touch source/CMakeFiles/pfunit.dir/AssertInteger0.F90.o.provides.build
/global/common/software/nersc9/cmake/3.30.2-8befa77c19df1cc9a69766c978f2e12d5f9022ef/bin/cmake -E touch source/CMakeFiles/pfunit.dir/AssertInteger1.F90.o.provides.build
/global/common/software/nersc9/cmake/3.30.2-8befa77c19df1cc9a69766c978f2e12d5f9022ef/bin/cmake -E touch source/CMakeFiles/pfunit.dir/AssertInteger2.F90.o.provides.build
/global/common/software/nersc9/cmake/3.30.2-8befa77c19df1cc9a69766c978f2e12d5f9022ef/bin/cmake -E touch source/CMakeFiles/pfunit.dir/AssertInteger3.F90.o.provides.build
/global/common/software/nersc9/cmake/3.30.2-8befa77c19df1cc9a69766c978f2e12d5f9022ef/bin/cmake -E touch source/CMakeFiles/pfunit.dir/AssertInteger4.F90.o.provides.build
/global/common/software/nersc9/cmake/3.30.2-8befa77c19df1cc9a69766c978f2e12d5f9022ef/bin/cmake -E touch source/CMakeFiles/pfunit.dir/AssertInteger5.F90.o.provides.build
/global/common/software/nersc9/cmake/3.30.2-8befa77c19df1cc9a69766c978f2e12d5f9022ef/bin/cmake -E touch source/CMakeFiles/pfunit.dir/AssertReal0.F90.o.provides.build
/global/common/software/nersc9/cmake/3.30.2-8befa77c19df1cc9a69766c978f2e12d5f9022ef/bin/cmake -E touch source/CMakeFiles/pfunit.dir/AssertReal1.F90.o.provides.build
/global/common/software/nersc9/cmake/3.30.2-8befa77c19df1cc9a69766c978f2e12d5f9022ef/bin/cmake -E touch source/CMakeFiles/pfunit.dir/AssertReal2.F90.o.provides.build
/global/common/software/nersc9/cmake/3.30.2-8befa77c19df1cc9a69766c978f2e12d5f9022ef/bin/cmake -E touch source/CMakeFiles/pfunit.dir/AssertReal3.F90.o.provides.build
/global/common/software/nersc9/cmake/3.30.2-8befa77c19df1cc9a69766c978f2e12d5f9022ef/bin/cmake -E cmake_copy_f90_mod mod/test_mod.mod source/CMakeFiles/pfunit.dir/test_mod.mod.stamp Intel
[ 53%] Building Fortran object source/CMakeFiles/pfunit.dir/TestCase.F90.o
cd /global/u1/j/jingtao/ReSOM/sbetr/build/3rd-party/pfunit/source && /opt/intel/oneapi/compiler/2023.2.0/linux/bin/intel64/ifort -DBUILD_ROBUST -DIntel -I/global/u1/j/jingtao/ReSOM/sbetr/build/3rd-party/pfunit/mod -I/global/u1/j/jingtao/ReSOM/sbetr/build/3rd-party/pfunit/source -g -O0 -g -check uninit -check bounds -traceback -assume realloc_lhs  -DCPRINTEL -module ../mod -c /global/homes/j/jingtao/ReSOM/sbetr/3rd-party/pfunit/source/TestCase.F90 -o CMakeFiles/pfunit.dir/TestCase.F90.o
[ 54%] Building Fortran object source/CMakeFiles/pfunit.dir/BaseTestRunner.F90.o
cd /global/u1/j/jingtao/ReSOM/sbetr/build/3rd-party/pfunit/source && /opt/intel/oneapi/compiler/2023.2.0/linux/bin/intel64/ifort -DBUILD_ROBUST -DIntel -I/global/u1/j/jingtao/ReSOM/sbetr/build/3rd-party/pfunit/mod -I/global/u1/j/jingtao/ReSOM/sbetr/build/3rd-party/pfunit/source -g -O0 -g -check uninit -check bounds -traceback -assume realloc_lhs  -DCPRINTEL -module ../mod -c /global/homes/j/jingtao/ReSOM/sbetr/3rd-party/pfunit/source/BaseTestRunner.F90 -o CMakeFiles/pfunit.dir/BaseTestRunner.F90.o
/global/common/software/nersc9/cmake/3.30.2-8befa77c19df1cc9a69766c978f2e12d5f9022ef/bin/cmake -E touch source/CMakeFiles/pfunit.dir/Test.F90.o.provides.build
/global/common/software/nersc9/cmake/3.30.2-8befa77c19df1cc9a69766c978f2e12d5f9022ef/bin/cmake -E cmake_copy_f90_mod mod/basetestrunner_mod.mod source/CMakeFiles/pfunit.dir/basetestrunner_mod.mod.stamp Intel
/global/common/software/nersc9/cmake/3.30.2-8befa77c19df1cc9a69766c978f2e12d5f9022ef/bin/cmake -E touch source/CMakeFiles/pfunit.dir/BaseTestRunner.F90.o.provides.build
/global/common/software/nersc9/cmake/3.30.2-8befa77c19df1cc9a69766c978f2e12d5f9022ef/bin/cmake -E cmake_copy_f90_mod mod/testcase_mod.mod source/CMakeFiles/pfunit.dir/testcase_mod.mod.stamp Intel
[ 55%] Building Fortran object source/CMakeFiles/pfunit.dir/DynamicTestCase.F90.o
cd /global/u1/j/jingtao/ReSOM/sbetr/build/3rd-party/pfunit/source && /opt/intel/oneapi/compiler/2023.2.0/linux/bin/intel64/ifort -DBUILD_ROBUST -DIntel -I/global/u1/j/jingtao/ReSOM/sbetr/build/3rd-party/pfunit/mod -I/global/u1/j/jingtao/ReSOM/sbetr/build/3rd-party/pfunit/source -g -O0 -g -check uninit -check bounds -traceback -assume realloc_lhs  -DCPRINTEL -module ../mod -c /global/homes/j/jingtao/ReSOM/sbetr/3rd-party/pfunit/source/DynamicTestCase.F90 -o CMakeFiles/pfunit.dir/DynamicTestCase.F90.o
[ 56%] Building Fortran object source/CMakeFiles/pfunit.dir/ParameterizedTestCase.F90.o
cd /global/u1/j/jingtao/ReSOM/sbetr/build/3rd-party/pfunit/source && /opt/intel/oneapi/compiler/2023.2.0/linux/bin/intel64/ifort -DBUILD_ROBUST -DIntel -I/global/u1/j/jingtao/ReSOM/sbetr/build/3rd-party/pfunit/mod -I/global/u1/j/jingtao/ReSOM/sbetr/build/3rd-party/pfunit/source -g -O0 -g -check uninit -check bounds -traceback -assume realloc_lhs  -DCPRINTEL -module ../mod -c /global/homes/j/jingtao/ReSOM/sbetr/3rd-party/pfunit/source/ParameterizedTestCase.F90 -o CMakeFiles/pfunit.dir/ParameterizedTestCase.F90.o
[ 57%] Building Fortran object source/CMakeFiles/pfunit.dir/RemoteProxyTestCase.F90.o
cd /global/u1/j/jingtao/ReSOM/sbetr/build/3rd-party/pfunit/source && /opt/intel/oneapi/compiler/2023.2.0/linux/bin/intel64/ifort -DBUILD_ROBUST -DIntel -I/global/u1/j/jingtao/ReSOM/sbetr/build/3rd-party/pfunit/mod -I/global/u1/j/jingtao/ReSOM/sbetr/build/3rd-party/pfunit/source -g -O0 -g -check uninit -check bounds -traceback -assume realloc_lhs  -DCPRINTEL -module ../mod -c /global/homes/j/jingtao/ReSOM/sbetr/3rd-party/pfunit/source/RemoteProxyTestCase.F90 -o CMakeFiles/pfunit.dir/RemoteProxyTestCase.F90.o
/global/common/software/nersc9/cmake/3.30.2-8befa77c19df1cc9a69766c978f2e12d5f9022ef/bin/cmake -E touch source/CMakeFiles/pfunit.dir/TestCase.F90.o.provides.build
[ 58%] Building Fortran object source/CMakeFiles/pfunit.dir/TestSuite.F90.o
cd /global/u1/j/jingtao/ReSOM/sbetr/build/3rd-party/pfunit/source && /opt/intel/oneapi/compiler/2023.2.0/linux/bin/intel64/ifort -DBUILD_ROBUST -DIntel -I/global/u1/j/jingtao/ReSOM/sbetr/build/3rd-party/pfunit/mod -I/global/u1/j/jingtao/ReSOM/sbetr/build/3rd-party/pfunit/source -g -O0 -g -check uninit -check bounds -traceback -assume realloc_lhs  -DCPRINTEL -module ../mod -c /global/homes/j/jingtao/ReSOM/sbetr/3rd-party/pfunit/source/TestSuite.F90 -o CMakeFiles/pfunit.dir/TestSuite.F90.o
/global/common/software/nersc9/cmake/3.30.2-8befa77c19df1cc9a69766c978f2e12d5f9022ef/bin/cmake -E cmake_copy_f90_mod mod/assertreal4_mod.mod source/CMakeFiles/pfunit.dir/assertreal4_mod.mod.stamp Intel
[ 60%] Building Fortran object source/CMakeFiles/pfunit.dir/TestMethod.F90.o
cd /global/u1/j/jingtao/ReSOM/sbetr/build/3rd-party/pfunit/source && /opt/intel/oneapi/compiler/2023.2.0/linux/bin/intel64/ifort -DBUILD_ROBUST -DIntel -I/global/u1/j/jingtao/ReSOM/sbetr/build/3rd-party/pfunit/mod -I/global/u1/j/jingtao/ReSOM/sbetr/build/3rd-party/pfunit/source -g -O0 -g -check uninit -check bounds -traceback -assume realloc_lhs  -DCPRINTEL -module ../mod -c /global/homes/j/jingtao/ReSOM/sbetr/3rd-party/pfunit/source/TestMethod.F90 -o CMakeFiles/pfunit.dir/TestMethod.F90.o
/global/common/software/nersc9/cmake/3.30.2-8befa77c19df1cc9a69766c978f2e12d5f9022ef/bin/cmake -E cmake_copy_f90_mod mod/assertreal5_mod.mod source/CMakeFiles/pfunit.dir/assertreal5_mod.mod.stamp Intel
/global/common/software/nersc9/cmake/3.30.2-8befa77c19df1cc9a69766c978f2e12d5f9022ef/bin/cmake -E touch source/CMakeFiles/pfunit.dir/AssertReal4.F90.o.provides.build
/global/common/software/nersc9/cmake/3.30.2-8befa77c19df1cc9a69766c978f2e12d5f9022ef/bin/cmake -E touch source/CMakeFiles/pfunit.dir/AssertReal5.F90.o.provides.build
/global/common/software/nersc9/cmake/3.30.2-8befa77c19df1cc9a69766c978f2e12d5f9022ef/bin/cmake -E cmake_copy_f90_mod mod/dynamictestcase_mod.mod source/CMakeFiles/pfunit.dir/dynamictestcase_mod.mod.stamp Intel
/global/common/software/nersc9/cmake/3.30.2-8befa77c19df1cc9a69766c978f2e12d5f9022ef/bin/cmake -E cmake_copy_f90_mod mod/parameterizedtestcase_mod.mod source/CMakeFiles/pfunit.dir/parameterizedtestcase_mod.mod.stamp Intel
[ 61%] Building Fortran object source/CMakeFiles/pfunit.dir/Assert.F90.o
cd /global/u1/j/jingtao/ReSOM/sbetr/build/3rd-party/pfunit/source && /opt/intel/oneapi/compiler/2023.2.0/linux/bin/intel64/ifort -DBUILD_ROBUST -DIntel -I/global/u1/j/jingtao/ReSOM/sbetr/build/3rd-party/pfunit/mod -I/global/u1/j/jingtao/ReSOM/sbetr/build/3rd-party/pfunit/source -g -O0 -g -check uninit -check bounds -traceback -assume realloc_lhs  -DCPRINTEL -module ../mod -c /global/homes/j/jingtao/ReSOM/sbetr/3rd-party/pfunit/source/Assert.F90 -o CMakeFiles/pfunit.dir/Assert.F90.o
/global/common/software/nersc9/cmake/3.30.2-8befa77c19df1cc9a69766c978f2e12d5f9022ef/bin/cmake -E touch source/CMakeFiles/pfunit.dir/DynamicTestCase.F90.o.provides.build
/global/common/software/nersc9/cmake/3.30.2-8befa77c19df1cc9a69766c978f2e12d5f9022ef/bin/cmake -E touch source/CMakeFiles/pfunit.dir/ParameterizedTestCase.F90.o.provides.build
/global/common/software/nersc9/cmake/3.30.2-8befa77c19df1cc9a69766c978f2e12d5f9022ef/bin/cmake -E cmake_copy_f90_mod mod/remoteproxytestcase_mod.mod source/CMakeFiles/pfunit.dir/remoteproxytestcase_mod.mod.stamp Intel
/global/common/software/nersc9/cmake/3.30.2-8befa77c19df1cc9a69766c978f2e12d5f9022ef/bin/cmake -E cmake_copy_f90_mod mod/testmethod_mod.mod source/CMakeFiles/pfunit.dir/testmethod_mod.mod.stamp Intel
/global/common/software/nersc9/cmake/3.30.2-8befa77c19df1cc9a69766c978f2e12d5f9022ef/bin/cmake -E touch source/CMakeFiles/pfunit.dir/RemoteProxyTestCase.F90.o.provides.build
/global/common/software/nersc9/cmake/3.30.2-8befa77c19df1cc9a69766c978f2e12d5f9022ef/bin/cmake -E touch source/CMakeFiles/pfunit.dir/TestMethod.F90.o.provides.build
/global/common/software/nersc9/cmake/3.30.2-8befa77c19df1cc9a69766c978f2e12d5f9022ef/bin/cmake -E cmake_copy_f90_mod mod/testsuite_mod.mod source/CMakeFiles/pfunit.dir/testsuite_mod.mod.stamp Intel
[ 62%] Building Fortran object source/CMakeFiles/pfunit.dir/SubsetRunner.F90.o
cd /global/u1/j/jingtao/ReSOM/sbetr/build/3rd-party/pfunit/source && /opt/intel/oneapi/compiler/2023.2.0/linux/bin/intel64/ifort -DBUILD_ROBUST -DIntel -I/global/u1/j/jingtao/ReSOM/sbetr/build/3rd-party/pfunit/mod -I/global/u1/j/jingtao/ReSOM/sbetr/build/3rd-party/pfunit/source -g -O0 -g -check uninit -check bounds -traceback -assume realloc_lhs  -DCPRINTEL -module ../mod -c /global/homes/j/jingtao/ReSOM/sbetr/3rd-party/pfunit/source/SubsetRunner.F90 -o CMakeFiles/pfunit.dir/SubsetRunner.F90.o
[ 63%] Building Fortran object source/CMakeFiles/pfunit.dir/RobustRunner.F90.o
cd /global/u1/j/jingtao/ReSOM/sbetr/build/3rd-party/pfunit/source && /opt/intel/oneapi/compiler/2023.2.0/linux/bin/intel64/ifort -DBUILD_ROBUST -DIntel -I/global/u1/j/jingtao/ReSOM/sbetr/build/3rd-party/pfunit/mod -I/global/u1/j/jingtao/ReSOM/sbetr/build/3rd-party/pfunit/source -g -O0 -g -check uninit -check bounds -traceback -assume realloc_lhs  -DCPRINTEL -module ../mod -c /global/homes/j/jingtao/ReSOM/sbetr/3rd-party/pfunit/source/RobustRunner.F90 -o CMakeFiles/pfunit.dir/RobustRunner.F90.o
[ 64%] Building Fortran object source/CMakeFiles/pfunit.dir/TestRunner.F90.o
cd /global/u1/j/jingtao/ReSOM/sbetr/build/3rd-party/pfunit/source && /opt/intel/oneapi/compiler/2023.2.0/linux/bin/intel64/ifort -DBUILD_ROBUST -DIntel -I/global/u1/j/jingtao/ReSOM/sbetr/build/3rd-party/pfunit/mod -I/global/u1/j/jingtao/ReSOM/sbetr/build/3rd-party/pfunit/source -g -O0 -g -check uninit -check bounds -traceback -assume realloc_lhs  -DCPRINTEL -module ../mod -c /global/homes/j/jingtao/ReSOM/sbetr/3rd-party/pfunit/source/TestRunner.F90 -o CMakeFiles/pfunit.dir/TestRunner.F90.o
/global/common/software/nersc9/cmake/3.30.2-8befa77c19df1cc9a69766c978f2e12d5f9022ef/bin/cmake -E touch source/CMakeFiles/pfunit.dir/TestSuite.F90.o.provides.build
/global/common/software/nersc9/cmake/3.30.2-8befa77c19df1cc9a69766c978f2e12d5f9022ef/bin/cmake -E cmake_copy_f90_mod mod/subsetrunner_mod.mod source/CMakeFiles/pfunit.dir/subsetrunner_mod.mod.stamp Intel
/global/common/software/nersc9/cmake/3.30.2-8befa77c19df1cc9a69766c978f2e12d5f9022ef/bin/cmake -E cmake_copy_f90_mod mod/testrunner_mod.mod source/CMakeFiles/pfunit.dir/testrunner_mod.mod.stamp Intel
/global/common/software/nersc9/cmake/3.30.2-8befa77c19df1cc9a69766c978f2e12d5f9022ef/bin/cmake -E touch source/CMakeFiles/pfunit.dir/SubsetRunner.F90.o.provides.build
/global/common/software/nersc9/cmake/3.30.2-8befa77c19df1cc9a69766c978f2e12d5f9022ef/bin/cmake -E touch source/CMakeFiles/pfunit.dir/TestRunner.F90.o.provides.build
/global/common/software/nersc9/cmake/3.30.2-8befa77c19df1cc9a69766c978f2e12d5f9022ef/bin/cmake -E cmake_copy_f90_mod mod/robustrunner_mod.mod source/CMakeFiles/pfunit.dir/robustrunner_mod.mod.stamp Intel
/global/common/software/nersc9/cmake/3.30.2-8befa77c19df1cc9a69766c978f2e12d5f9022ef/bin/cmake -E touch source/CMakeFiles/pfunit.dir/RobustRunner.F90.o.provides.build
/global/common/software/nersc9/cmake/3.30.2-8befa77c19df1cc9a69766c978f2e12d5f9022ef/bin/cmake -E cmake_copy_f90_mod mod/assert_mod.mod source/CMakeFiles/pfunit.dir/assert_mod.mod.stamp Intel
/global/common/software/nersc9/cmake/3.30.2-8befa77c19df1cc9a69766c978f2e12d5f9022ef/bin/cmake -E touch source/CMakeFiles/pfunit.dir/Assert.F90.o.provides.build
[ 65%] Building Fortran object source/CMakeFiles/pfunit.dir/pFUnit.F90.o
cd /global/u1/j/jingtao/ReSOM/sbetr/build/3rd-party/pfunit/source && /opt/intel/oneapi/compiler/2023.2.0/linux/bin/intel64/ifort -DBUILD_ROBUST -DIntel -I/global/u1/j/jingtao/ReSOM/sbetr/build/3rd-party/pfunit/mod -I/global/u1/j/jingtao/ReSOM/sbetr/build/3rd-party/pfunit/source -g -O0 -g -check uninit -check bounds -traceback -assume realloc_lhs  -DCPRINTEL -module ../mod -c /global/homes/j/jingtao/ReSOM/sbetr/3rd-party/pfunit/source/pFUnit.F90 -o CMakeFiles/pfunit.dir/pFUnit.F90.o
/global/common/software/nersc9/cmake/3.30.2-8befa77c19df1cc9a69766c978f2e12d5f9022ef/bin/cmake -E cmake_copy_f90_mod mod/pfunit_mod.mod source/CMakeFiles/pfunit.dir/pfunit_mod.mod.stamp Intel
/global/common/software/nersc9/cmake/3.30.2-8befa77c19df1cc9a69766c978f2e12d5f9022ef/bin/cmake -E touch source/CMakeFiles/pfunit.dir/pFUnit.F90.o.provides.build
[ 66%] Building Fortran object source/CMakeFiles/pfunit.dir/pFUnitPackage.F90.o
cd /global/u1/j/jingtao/ReSOM/sbetr/build/3rd-party/pfunit/source && /opt/intel/oneapi/compiler/2023.2.0/linux/bin/intel64/ifort -DBUILD_ROBUST -DIntel -I/global/u1/j/jingtao/ReSOM/sbetr/build/3rd-party/pfunit/mod -I/global/u1/j/jingtao/ReSOM/sbetr/build/3rd-party/pfunit/source -g -O0 -g -check uninit -check bounds -traceback -assume realloc_lhs  -DCPRINTEL -module ../mod -c /global/homes/j/jingtao/ReSOM/sbetr/3rd-party/pfunit/source/pFUnitPackage.F90 -o CMakeFiles/pfunit.dir/pFUnitPackage.F90.o
/global/common/software/nersc9/cmake/3.30.2-8befa77c19df1cc9a69766c978f2e12d5f9022ef/bin/cmake -E cmake_copy_f90_mod mod/pfunit.mod source/CMakeFiles/pfunit.dir/pfunit.mod.stamp Intel
/global/common/software/nersc9/cmake/3.30.2-8befa77c19df1cc9a69766c978f2e12d5f9022ef/bin/cmake -E touch source/CMakeFiles/pfunit.dir/pFUnitPackage.F90.o.provides.build
[ 67%] Linking Fortran static library libpfunit.a
cd /global/u1/j/jingtao/ReSOM/sbetr/build/3rd-party/pfunit/source && /global/common/software/nersc9/cmake/3.30.2-8befa77c19df1cc9a69766c978f2e12d5f9022ef/bin/cmake -P CMakeFiles/pfunit.dir/cmake_clean_target.cmake
cd /global/u1/j/jingtao/ReSOM/sbetr/build/3rd-party/pfunit/source && /global/common/software/nersc9/cmake/3.30.2-8befa77c19df1cc9a69766c978f2e12d5f9022ef/bin/cmake -E cmake_link_script CMakeFiles/pfunit.dir/link.txt --verbose=1
/usr/bin/ar qc libpfunit.a CMakeFiles/pfunit.dir/Assert.F90.o CMakeFiles/pfunit.dir/AssertReal0.F90.o CMakeFiles/pfunit.dir/AssertReal1.F90.o CMakeFiles/pfunit.dir/AssertReal2.F90.o CMakeFiles/pfunit.dir/AssertReal3.F90.o CMakeFiles/pfunit.dir/AssertReal4.F90.o CMakeFiles/pfunit.dir/AssertReal5.F90.o CMakeFiles/pfunit.dir/AssertComplex0.F90.o CMakeFiles/pfunit.dir/AssertComplex1.F90.o CMakeFiles/pfunit.dir/AssertComplex2.F90.o CMakeFiles/pfunit.dir/AssertComplex3.F90.o CMakeFiles/pfunit.dir/AssertComplex4.F90.o CMakeFiles/pfunit.dir/AssertComplex5.F90.o CMakeFiles/pfunit.dir/AssertInteger0.F90.o CMakeFiles/pfunit.dir/AssertInteger1.F90.o CMakeFiles/pfunit.dir/AssertInteger2.F90.o CMakeFiles/pfunit.dir/AssertInteger3.F90.o CMakeFiles/pfunit.dir/AssertInteger4.F90.o CMakeFiles/pfunit.dir/AssertInteger5.F90.o CMakeFiles/pfunit.dir/AssertArraysInternalassertNotEqual.F90.o CMakeFiles/pfunit.dir/AssertArraysInternalassertEqual.F90.o CMakeFiles/pfunit.dir/AssertArraysInternalassertGreaterThan.F90.o CMakeFiles/pfunit.dir/AssertArraysInternalassertGreaterThanOrEqual.F90.o CMakeFiles/pfunit.dir/AssertArraysInternalassertLessThan.F90.o CMakeFiles/pfunit.dir/AssertArraysInternalassertLessThanOrEqual.F90.o CMakeFiles/pfunit.dir/AssertArraysInternalassertRelativelyEqual.F90.o CMakeFiles/pfunit.dir/AssertArraysSupport.F90.o CMakeFiles/pfunit.dir/AssertBasic.F90.o CMakeFiles/pfunit.dir/AbstractTestResult.F90.o CMakeFiles/pfunit.dir/BaseTestRunner.F90.o CMakeFiles/pfunit.dir/DebugListener.F90.o CMakeFiles/pfunit.dir/DynamicTestCase.F90.o CMakeFiles/pfunit.dir/Exception.F90.o CMakeFiles/pfunit.dir/Expectation.F90.o CMakeFiles/pfunit.dir/MockCall.F90.o CMakeFiles/pfunit.dir/MockRepository.F90.o CMakeFiles/pfunit.dir/ParallelContext.F90.o CMakeFiles/pfunit.dir/ParallelException.F90.o CMakeFiles/pfunit.dir/AbstractTestParameter.F90.o CMakeFiles/pfunit.dir/ParameterizedTestCase.F90.o CMakeFiles/pfunit.dir/Params.F90.o CMakeFiles/pfunit.dir/XmlPrinter.F90.o CMakeFiles/pfunit.dir/ResultPrinter.F90.o CMakeFiles/pfunit.dir/UnixPipeInterfaces.F90.o CMakeFiles/pfunit.dir/UnixProcess.F90.o CMakeFiles/pfunit.dir/RobustRunner.F90.o CMakeFiles/pfunit.dir/RemoteProxyTestCase.F90.o CMakeFiles/pfunit.dir/SerialContext.F90.o CMakeFiles/pfunit.dir/SourceLocation.F90.o CMakeFiles/pfunit.dir/StringConversionUtilities.F90.o CMakeFiles/pfunit.dir/SubsetRunner.F90.o CMakeFiles/pfunit.dir/SurrogateTestCase.F90.o CMakeFiles/pfunit.dir/Test.F90.o CMakeFiles/pfunit.dir/TestCase.F90.o CMakeFiles/pfunit.dir/TestFailure.F90.o CMakeFiles/pfunit.dir/TestListener.F90.o CMakeFiles/pfunit.dir/TestMethod.F90.o CMakeFiles/pfunit.dir/TestResult.F90.o CMakeFiles/pfunit.dir/TestRunner.F90.o CMakeFiles/pfunit.dir/TestSuite.F90.o CMakeFiles/pfunit.dir/ThrowFundamentalTypes.F90.o CMakeFiles/pfunit.dir/pFUnit.F90.o CMakeFiles/pfunit.dir/pFUnitPackage.F90.o
/usr/bin/ranlib libpfunit.a
make[2]: Leaving directory '/global/u1/j/jingtao/ReSOM/sbetr/build/3rd-party/pfunit'
[ 67%] Built target pfunit
make  -f tests/CMakeFiles/testpfunit.dir/build.make tests/CMakeFiles/testpfunit.dir/depend
make[2]: Entering directory '/global/u1/j/jingtao/ReSOM/sbetr/build/3rd-party/pfunit'
cd /global/u1/j/jingtao/ReSOM/sbetr/build/3rd-party/pfunit && /global/common/software/nersc9/cmake/3.30.2-8befa77c19df1cc9a69766c978f2e12d5f9022ef/bin/cmake -E cmake_depends "Unix Makefiles" /global/homes/j/jingtao/ReSOM/sbetr/3rd-party/pfunit /global/homes/j/jingtao/ReSOM/sbetr/3rd-party/pfunit/tests /global/u1/j/jingtao/ReSOM/sbetr/build/3rd-party/pfunit /global/u1/j/jingtao/ReSOM/sbetr/build/3rd-party/pfunit/tests /global/u1/j/jingtao/ReSOM/sbetr/build/3rd-party/pfunit/tests/CMakeFiles/testpfunit.dir/DependInfo.cmake "--color="
make[2]: Leaving directory '/global/u1/j/jingtao/ReSOM/sbetr/build/3rd-party/pfunit'
make  -f tests/CMakeFiles/testpfunit.dir/build.make tests/CMakeFiles/testpfunit.dir/build
make[2]: Entering directory '/global/u1/j/jingtao/ReSOM/sbetr/build/3rd-party/pfunit'
[ 68%] Building Fortran object tests/CMakeFiles/testpfunit.dir/BrokenTestCase.F90.o
cd /global/u1/j/jingtao/ReSOM/sbetr/build/3rd-party/pfunit/tests && /opt/intel/oneapi/compiler/2023.2.0/linux/bin/intel64/ifort -DBUILD_ROBUST -DIntel -I/global/homes/j/jingtao/ReSOM/sbetr/3rd-party/pfunit/include -I/global/u1/j/jingtao/ReSOM/sbetr/build/3rd-party/pfunit/mod -g -O0 -g -check uninit -check bounds -traceback -assume realloc_lhs  -DCPRINTEL -c /global/homes/j/jingtao/ReSOM/sbetr/3rd-party/pfunit/tests/BrokenTestCase.F90 -o CMakeFiles/testpfunit.dir/BrokenTestCase.F90.o
[ 69%] Building Fortran object tests/CMakeFiles/testpfunit.dir/BrokenSetUpCase.F90.o
cd /global/u1/j/jingtao/ReSOM/sbetr/build/3rd-party/pfunit/tests && /opt/intel/oneapi/compiler/2023.2.0/linux/bin/intel64/ifort -DBUILD_ROBUST -DIntel -I/global/homes/j/jingtao/ReSOM/sbetr/3rd-party/pfunit/include -I/global/u1/j/jingtao/ReSOM/sbetr/build/3rd-party/pfunit/mod -g -O0 -g -check uninit -check bounds -traceback -assume realloc_lhs  -DCPRINTEL -c /global/homes/j/jingtao/ReSOM/sbetr/3rd-party/pfunit/tests/BrokenSetUpCase.F90 -o CMakeFiles/testpfunit.dir/BrokenSetUpCase.F90.o
[ 71%] Building Fortran object tests/CMakeFiles/testpfunit.dir/FixtureTestCase.F90.o
[ 71%] Building Fortran object tests/CMakeFiles/testpfunit.dir/MakeInfinity.F90.o
cd /global/u1/j/jingtao/ReSOM/sbetr/build/3rd-party/pfunit/tests && /opt/intel/oneapi/compiler/2023.2.0/linux/bin/intel64/ifort -DBUILD_ROBUST -DIntel -I/global/homes/j/jingtao/ReSOM/sbetr/3rd-party/pfunit/include -I/global/u1/j/jingtao/ReSOM/sbetr/build/3rd-party/pfunit/mod -g -O0 -g -check uninit -check bounds -traceback -assume realloc_lhs  -DCPRINTEL -c /global/homes/j/jingtao/ReSOM/sbetr/3rd-party/pfunit/tests/FixtureTestCase.F90 -o CMakeFiles/testpfunit.dir/FixtureTestCase.F90.o
cd /global/u1/j/jingtao/ReSOM/sbetr/build/3rd-party/pfunit/tests && /opt/intel/oneapi/compiler/2023.2.0/linux/bin/intel64/ifort -DBUILD_ROBUST -DIntel -I/global/homes/j/jingtao/ReSOM/sbetr/3rd-party/pfunit/include -I/global/u1/j/jingtao/ReSOM/sbetr/build/3rd-party/pfunit/mod -g -O0 -g -check uninit -check bounds -traceback -assume realloc_lhs  -DCPRINTEL -c /global/homes/j/jingtao/ReSOM/sbetr/3rd-party/pfunit/tests/MakeInfinity.F90 -o CMakeFiles/testpfunit.dir/MakeInfinity.F90.o
[ 72%] Building Fortran object tests/CMakeFiles/testpfunit.dir/MakeNaN.F90.o
cd /global/u1/j/jingtao/ReSOM/sbetr/build/3rd-party/pfunit/tests && /opt/intel/oneapi/compiler/2023.2.0/linux/bin/intel64/ifort -DBUILD_ROBUST -DIntel -I/global/homes/j/jingtao/ReSOM/sbetr/3rd-party/pfunit/include -I/global/u1/j/jingtao/ReSOM/sbetr/build/3rd-party/pfunit/mod -g -O0 -g -check uninit -check bounds -traceback -assume realloc_lhs  -DCPRINTEL -c /global/homes/j/jingtao/ReSOM/sbetr/3rd-party/pfunit/tests/MakeNaN.F90 -o CMakeFiles/testpfunit.dir/MakeNaN.F90.o
[ 73%] Building Fortran object tests/CMakeFiles/testpfunit.dir/MockListener.F90.o
cd /global/u1/j/jingtao/ReSOM/sbetr/build/3rd-party/pfunit/tests && /opt/intel/oneapi/compiler/2023.2.0/linux/bin/intel64/ifort -DBUILD_ROBUST -DIntel -I/global/homes/j/jingtao/ReSOM/sbetr/3rd-party/pfunit/include -I/global/u1/j/jingtao/ReSOM/sbetr/build/3rd-party/pfunit/mod -g -O0 -g -check uninit -check bounds -traceback -assume realloc_lhs  -DCPRINTEL -c /global/homes/j/jingtao/ReSOM/sbetr/3rd-party/pfunit/tests/MockListener.F90 -o CMakeFiles/testpfunit.dir/MockListener.F90.o
[ 74%] Building Fortran object tests/CMakeFiles/testpfunit.dir/SimpleTestCase.F90.o
cd /global/u1/j/jingtao/ReSOM/sbetr/build/3rd-party/pfunit/tests && /opt/intel/oneapi/compiler/2023.2.0/linux/bin/intel64/ifort -DBUILD_ROBUST -DIntel -I/global/homes/j/jingtao/ReSOM/sbetr/3rd-party/pfunit/include -I/global/u1/j/jingtao/ReSOM/sbetr/build/3rd-party/pfunit/mod -g -O0 -g -check uninit -check bounds -traceback -assume realloc_lhs  -DCPRINTEL -c /global/homes/j/jingtao/ReSOM/sbetr/3rd-party/pfunit/tests/SimpleTestCase.F90 -o CMakeFiles/testpfunit.dir/SimpleTestCase.F90.o
[ 75%] Building Fortran object tests/CMakeFiles/testpfunit.dir/Test_Assert.F90.o
cd /global/u1/j/jingtao/ReSOM/sbetr/build/3rd-party/pfunit/tests && /opt/intel/oneapi/compiler/2023.2.0/linux/bin/intel64/ifort -DBUILD_ROBUST -DIntel -I/global/homes/j/jingtao/ReSOM/sbetr/3rd-party/pfunit/include -I/global/u1/j/jingtao/ReSOM/sbetr/build/3rd-party/pfunit/mod -g -O0 -g -check uninit -check bounds -traceback -assume realloc_lhs  -DCPRINTEL -c /global/homes/j/jingtao/ReSOM/sbetr/3rd-party/pfunit/tests/Test_Assert.F90 -o CMakeFiles/testpfunit.dir/Test_Assert.F90.o
[ 76%] Building Fortran object tests/CMakeFiles/testpfunit.dir/Test_AssertComplex.F90.o
cd /global/u1/j/jingtao/ReSOM/sbetr/build/3rd-party/pfunit/tests && /opt/intel/oneapi/compiler/2023.2.0/linux/bin/intel64/ifort -DBUILD_ROBUST -DIntel -I/global/homes/j/jingtao/ReSOM/sbetr/3rd-party/pfunit/include -I/global/u1/j/jingtao/ReSOM/sbetr/build/3rd-party/pfunit/mod -g -O0 -g -check uninit -check bounds -traceback -assume realloc_lhs  -DCPRINTEL -c /global/homes/j/jingtao/ReSOM/sbetr/3rd-party/pfunit/tests/Test_AssertComplex.F90 -o CMakeFiles/testpfunit.dir/Test_AssertComplex.F90.o
[ 77%] Building Fortran object tests/CMakeFiles/testpfunit.dir/Test_AssertInteger.F90.o
cd /global/u1/j/jingtao/ReSOM/sbetr/build/3rd-party/pfunit/tests && /opt/intel/oneapi/compiler/2023.2.0/linux/bin/intel64/ifort -DBUILD_ROBUST -DIntel -I/global/homes/j/jingtao/ReSOM/sbetr/3rd-party/pfunit/include -I/global/u1/j/jingtao/ReSOM/sbetr/build/3rd-party/pfunit/mod -g -O0 -g -check uninit -check bounds -traceback -assume realloc_lhs  -DCPRINTEL -c /global/homes/j/jingtao/ReSOM/sbetr/3rd-party/pfunit/tests/Test_AssertInteger.F90 -o CMakeFiles/testpfunit.dir/Test_AssertInteger.F90.o
[ 78%] Building Fortran object tests/CMakeFiles/testpfunit.dir/Test_BasicOpenMP.F90.o
cd /global/u1/j/jingtao/ReSOM/sbetr/build/3rd-party/pfunit/tests && /opt/intel/oneapi/compiler/2023.2.0/linux/bin/intel64/ifort -DBUILD_ROBUST -DIntel -I/global/homes/j/jingtao/ReSOM/sbetr/3rd-party/pfunit/include -I/global/u1/j/jingtao/ReSOM/sbetr/build/3rd-party/pfunit/mod -g -O0 -g -check uninit -check bounds -traceback -assume realloc_lhs  -DCPRINTEL -c /global/homes/j/jingtao/ReSOM/sbetr/3rd-party/pfunit/tests/Test_BasicOpenMP.F90 -o CMakeFiles/testpfunit.dir/Test_BasicOpenMP.F90.o
[ 80%] Building Fortran object tests/CMakeFiles/testpfunit.dir/Test_Exception.F90.o
cd /global/u1/j/jingtao/ReSOM/sbetr/build/3rd-party/pfunit/tests && /opt/intel/oneapi/compiler/2023.2.0/linux/bin/intel64/ifort -DBUILD_ROBUST -DIntel -I/global/homes/j/jingtao/ReSOM/sbetr/3rd-party/pfunit/include -I/global/u1/j/jingtao/ReSOM/sbetr/build/3rd-party/pfunit/mod -g -O0 -g -check uninit -check bounds -traceback -assume realloc_lhs  -DCPRINTEL -c /global/homes/j/jingtao/ReSOM/sbetr/3rd-party/pfunit/tests/Test_Exception.F90 -o CMakeFiles/testpfunit.dir/Test_Exception.F90.o
[ 81%] Building Fortran object tests/CMakeFiles/testpfunit.dir/Test_MockCall.F90.o
cd /global/u1/j/jingtao/ReSOM/sbetr/build/3rd-party/pfunit/tests && /opt/intel/oneapi/compiler/2023.2.0/linux/bin/intel64/ifort -DBUILD_ROBUST -DIntel -I/global/homes/j/jingtao/ReSOM/sbetr/3rd-party/pfunit/include -I/global/u1/j/jingtao/ReSOM/sbetr/build/3rd-party/pfunit/mod -g -O0 -g -check uninit -check bounds -traceback -assume realloc_lhs  -DCPRINTEL -c /global/homes/j/jingtao/ReSOM/sbetr/3rd-party/pfunit/tests/Test_MockCall.F90 -o CMakeFiles/testpfunit.dir/Test_MockCall.F90.o
[ 82%] Building Fortran object tests/CMakeFiles/testpfunit.dir/Test_MockRepository.F90.o
cd /global/u1/j/jingtao/ReSOM/sbetr/build/3rd-party/pfunit/tests && /opt/intel/oneapi/compiler/2023.2.0/linux/bin/intel64/ifort -DBUILD_ROBUST -DIntel -I/global/homes/j/jingtao/ReSOM/sbetr/3rd-party/pfunit/include -I/global/u1/j/jingtao/ReSOM/sbetr/build/3rd-party/pfunit/mod -g -O0 -g -check uninit -check bounds -traceback -assume realloc_lhs  -DCPRINTEL -c /global/homes/j/jingtao/ReSOM/sbetr/3rd-party/pfunit/tests/Test_MockRepository.F90 -o CMakeFiles/testpfunit.dir/Test_MockRepository.F90.o
[ 83%] Building Fortran object tests/CMakeFiles/testpfunit.dir/robustTestSuite.F90.o
cd /global/u1/j/jingtao/ReSOM/sbetr/build/3rd-party/pfunit/tests && /opt/intel/oneapi/compiler/2023.2.0/linux/bin/intel64/ifort -DBUILD_ROBUST -DIntel -I/global/homes/j/jingtao/ReSOM/sbetr/3rd-party/pfunit/include -I/global/u1/j/jingtao/ReSOM/sbetr/build/3rd-party/pfunit/mod -g -O0 -g -check uninit -check bounds -traceback -assume realloc_lhs  -DCPRINTEL -c /global/homes/j/jingtao/ReSOM/sbetr/3rd-party/pfunit/tests/robustTestSuite.F90 -o CMakeFiles/testpfunit.dir/robustTestSuite.F90.o
[ 84%] Building Fortran object tests/CMakeFiles/testpfunit.dir/Test_StringConversionUtilities.F90.o
cd /global/u1/j/jingtao/ReSOM/sbetr/build/3rd-party/pfunit/tests && /opt/intel/oneapi/compiler/2023.2.0/linux/bin/intel64/ifort -DBUILD_ROBUST -DIntel -I/global/homes/j/jingtao/ReSOM/sbetr/3rd-party/pfunit/include -I/global/u1/j/jingtao/ReSOM/sbetr/build/3rd-party/pfunit/mod -g -O0 -g -check uninit -check bounds -traceback -assume realloc_lhs  -DCPRINTEL -c /global/homes/j/jingtao/ReSOM/sbetr/3rd-party/pfunit/tests/Test_StringConversionUtilities.F90 -o CMakeFiles/testpfunit.dir/Test_StringConversionUtilities.F90.o
[ 85%] Building Fortran object tests/CMakeFiles/testpfunit.dir/Test_TestMethod.F90.o
cd /global/u1/j/jingtao/ReSOM/sbetr/build/3rd-party/pfunit/tests && /opt/intel/oneapi/compiler/2023.2.0/linux/bin/intel64/ifort -DBUILD_ROBUST -DIntel -I/global/homes/j/jingtao/ReSOM/sbetr/3rd-party/pfunit/include -I/global/u1/j/jingtao/ReSOM/sbetr/build/3rd-party/pfunit/mod -g -O0 -g -check uninit -check bounds -traceback -assume realloc_lhs  -DCPRINTEL -c /global/homes/j/jingtao/ReSOM/sbetr/3rd-party/pfunit/tests/Test_TestMethod.F90 -o CMakeFiles/testpfunit.dir/Test_TestMethod.F90.o
[ 86%] Building Fortran object tests/CMakeFiles/testpfunit.dir/Test_UnixProcess.F90.o
cd /global/u1/j/jingtao/ReSOM/sbetr/build/3rd-party/pfunit/tests && /opt/intel/oneapi/compiler/2023.2.0/linux/bin/intel64/ifort -DBUILD_ROBUST -DIntel -I/global/homes/j/jingtao/ReSOM/sbetr/3rd-party/pfunit/include -I/global/u1/j/jingtao/ReSOM/sbetr/build/3rd-party/pfunit/mod -g -O0 -g -check uninit -check bounds -traceback -assume realloc_lhs  -DCPRINTEL -c /global/homes/j/jingtao/ReSOM/sbetr/3rd-party/pfunit/tests/Test_UnixProcess.F90 -o CMakeFiles/testpfunit.dir/Test_UnixProcess.F90.o
/global/common/software/nersc9/cmake/3.30.2-8befa77c19df1cc9a69766c978f2e12d5f9022ef/bin/cmake -E cmake_copy_f90_mod tests/brokensetupcase_mod.mod tests/CMakeFiles/testpfunit.dir/brokensetupcase_mod.mod.stamp Intel
/global/common/software/nersc9/cmake/3.30.2-8befa77c19df1cc9a69766c978f2e12d5f9022ef/bin/cmake -E cmake_copy_f90_mod tests/brokentestcase_mod.mod tests/CMakeFiles/testpfunit.dir/brokentestcase_mod.mod.stamp Intel
/global/common/software/nersc9/cmake/3.30.2-8befa77c19df1cc9a69766c978f2e12d5f9022ef/bin/cmake -E cmake_copy_f90_mod tests/fixturetestcase_mod.mod tests/CMakeFiles/testpfunit.dir/fixturetestcase_mod.mod.stamp Intel
/global/common/software/nersc9/cmake/3.30.2-8befa77c19df1cc9a69766c978f2e12d5f9022ef/bin/cmake -E cmake_copy_f90_mod tests/makeinfinity_mod.mod tests/CMakeFiles/testpfunit.dir/makeinfinity_mod.mod.stamp Intel
/global/common/software/nersc9/cmake/3.30.2-8befa77c19df1cc9a69766c978f2e12d5f9022ef/bin/cmake -E cmake_copy_f90_mod tests/makenan_mod.mod tests/CMakeFiles/testpfunit.dir/makenan_mod.mod.stamp Intel
/global/common/software/nersc9/cmake/3.30.2-8befa77c19df1cc9a69766c978f2e12d5f9022ef/bin/cmake -E cmake_copy_f90_mod tests/mocklistener_mod.mod tests/CMakeFiles/testpfunit.dir/mocklistener_mod.mod.stamp Intel
/global/common/software/nersc9/cmake/3.30.2-8befa77c19df1cc9a69766c978f2e12d5f9022ef/bin/cmake -E cmake_copy_f90_mod tests/simpletestcase_mod.mod tests/CMakeFiles/testpfunit.dir/simpletestcase_mod.mod.stamp Intel
/global/common/software/nersc9/cmake/3.30.2-8befa77c19df1cc9a69766c978f2e12d5f9022ef/bin/cmake -E cmake_copy_f90_mod tests/test_assert_mod.mod tests/CMakeFiles/testpfunit.dir/test_assert_mod.mod.stamp Intel
[ 87%] Building Fortran object tests/CMakeFiles/testpfunit.dir/Test_AssertBasic.F90.o
cd /global/u1/j/jingtao/ReSOM/sbetr/build/3rd-party/pfunit/tests && /opt/intel/oneapi/compiler/2023.2.0/linux/bin/intel64/ifort -DBUILD_ROBUST -DIntel -I/global/homes/j/jingtao/ReSOM/sbetr/3rd-party/pfunit/include -I/global/u1/j/jingtao/ReSOM/sbetr/build/3rd-party/pfunit/mod -g -O0 -g -check uninit -check bounds -traceback -assume realloc_lhs  -DCPRINTEL -c /global/homes/j/jingtao/ReSOM/sbetr/3rd-party/pfunit/tests/Test_AssertBasic.F90 -o CMakeFiles/testpfunit.dir/Test_AssertBasic.F90.o
/global/common/software/nersc9/cmake/3.30.2-8befa77c19df1cc9a69766c978f2e12d5f9022ef/bin/cmake -E cmake_copy_f90_mod tests/test_assertcomplex_mod.mod tests/CMakeFiles/testpfunit.dir/test_assertcomplex_mod.mod.stamp Intel
/global/common/software/nersc9/cmake/3.30.2-8befa77c19df1cc9a69766c978f2e12d5f9022ef/bin/cmake -E cmake_copy_f90_mod tests/test_assertinteger_mod.mod tests/CMakeFiles/testpfunit.dir/test_assertinteger_mod.mod.stamp Intel
[ 88%] Building Fortran object tests/CMakeFiles/testpfunit.dir/Test_AssertReal.F90.o
cd /global/u1/j/jingtao/ReSOM/sbetr/build/3rd-party/pfunit/tests && /opt/intel/oneapi/compiler/2023.2.0/linux/bin/intel64/ifort -DBUILD_ROBUST -DIntel -I/global/homes/j/jingtao/ReSOM/sbetr/3rd-party/pfunit/include -I/global/u1/j/jingtao/ReSOM/sbetr/build/3rd-party/pfunit/mod -g -O0 -g -check uninit -check bounds -traceback -assume realloc_lhs  -DCPRINTEL -c /global/homes/j/jingtao/ReSOM/sbetr/3rd-party/pfunit/tests/Test_AssertReal.F90 -o CMakeFiles/testpfunit.dir/Test_AssertReal.F90.o
/global/common/software/nersc9/cmake/3.30.2-8befa77c19df1cc9a69766c978f2e12d5f9022ef/bin/cmake -E cmake_copy_f90_mod tests/test_basicopenmp_mod.mod tests/CMakeFiles/testpfunit.dir/test_basicopenmp_mod.mod.stamp Intel
/global/common/software/nersc9/cmake/3.30.2-8befa77c19df1cc9a69766c978f2e12d5f9022ef/bin/cmake -E cmake_copy_f90_mod tests/test_exception_mod.mod tests/CMakeFiles/testpfunit.dir/test_exception_mod.mod.stamp Intel
[ 89%] Building Fortran object tests/CMakeFiles/testpfunit.dir/Test_FixtureTestCase.F90.o
cd /global/u1/j/jingtao/ReSOM/sbetr/build/3rd-party/pfunit/tests && /opt/intel/oneapi/compiler/2023.2.0/linux/bin/intel64/ifort -DBUILD_ROBUST -DIntel -I/global/homes/j/jingtao/ReSOM/sbetr/3rd-party/pfunit/include -I/global/u1/j/jingtao/ReSOM/sbetr/build/3rd-party/pfunit/mod -g -O0 -g -check uninit -check bounds -traceback -assume realloc_lhs  -DCPRINTEL -c /global/homes/j/jingtao/ReSOM/sbetr/3rd-party/pfunit/tests/Test_FixtureTestCase.F90 -o CMakeFiles/testpfunit.dir/Test_FixtureTestCase.F90.o
/global/common/software/nersc9/cmake/3.30.2-8befa77c19df1cc9a69766c978f2e12d5f9022ef/bin/cmake -E cmake_copy_f90_mod tests/test_mockcall_mod.mod tests/CMakeFiles/testpfunit.dir/test_mockcall_mod.mod.stamp Intel
/global/common/software/nersc9/cmake/3.30.2-8befa77c19df1cc9a69766c978f2e12d5f9022ef/bin/cmake -E cmake_copy_f90_mod tests/mocksut_mod.mod tests/CMakeFiles/testpfunit.dir/mocksut_mod.mod.stamp Intel
/global/common/software/nersc9/cmake/3.30.2-8befa77c19df1cc9a69766c978f2e12d5f9022ef/bin/cmake -E cmake_copy_f90_mod tests/sut_mod.mod tests/CMakeFiles/testpfunit.dir/sut_mod.mod.stamp Intel
/global/common/software/nersc9/cmake/3.30.2-8befa77c19df1cc9a69766c978f2e12d5f9022ef/bin/cmake -E cmake_copy_f90_mod tests/test_mockrepository_mod.mod tests/CMakeFiles/testpfunit.dir/test_mockrepository_mod.mod.stamp Intel
/global/common/software/nersc9/cmake/3.30.2-8befa77c19df1cc9a69766c978f2e12d5f9022ef/bin/cmake -E cmake_copy_f90_mod tests/robusttestsuite_mod.mod tests/CMakeFiles/testpfunit.dir/robusttestsuite_mod.mod.stamp Intel
[ 90%] Building Fortran object tests/CMakeFiles/testpfunit.dir/Test_SimpleTestCase.F90.o
cd /global/u1/j/jingtao/ReSOM/sbetr/build/3rd-party/pfunit/tests && /opt/intel/oneapi/compiler/2023.2.0/linux/bin/intel64/ifort -DBUILD_ROBUST -DIntel -I/global/homes/j/jingtao/ReSOM/sbetr/3rd-party/pfunit/include -I/global/u1/j/jingtao/ReSOM/sbetr/build/3rd-party/pfunit/mod -g -O0 -g -check uninit -check bounds -traceback -assume realloc_lhs  -DCPRINTEL -c /global/homes/j/jingtao/ReSOM/sbetr/3rd-party/pfunit/tests/Test_SimpleTestCase.F90 -o CMakeFiles/testpfunit.dir/Test_SimpleTestCase.F90.o
/global/common/software/nersc9/cmake/3.30.2-8befa77c19df1cc9a69766c978f2e12d5f9022ef/bin/cmake -E cmake_copy_f90_mod tests/test_testmethod_mod.mod tests/CMakeFiles/testpfunit.dir/test_testmethod_mod.mod.stamp Intel
[ 91%] Building Fortran object tests/CMakeFiles/testpfunit.dir/Test_TestResult.F90.o
cd /global/u1/j/jingtao/ReSOM/sbetr/build/3rd-party/pfunit/tests && /opt/intel/oneapi/compiler/2023.2.0/linux/bin/intel64/ifort -DBUILD_ROBUST -DIntel -I/global/homes/j/jingtao/ReSOM/sbetr/3rd-party/pfunit/include -I/global/u1/j/jingtao/ReSOM/sbetr/build/3rd-party/pfunit/mod -g -O0 -g -check uninit -check bounds -traceback -assume realloc_lhs  -DCPRINTEL -c /global/homes/j/jingtao/ReSOM/sbetr/3rd-party/pfunit/tests/Test_TestResult.F90 -o CMakeFiles/testpfunit.dir/Test_TestResult.F90.o
[ 92%] Building Fortran object tests/CMakeFiles/testpfunit.dir/Test_TestSuite.F90.o
cd /global/u1/j/jingtao/ReSOM/sbetr/build/3rd-party/pfunit/tests && /opt/intel/oneapi/compiler/2023.2.0/linux/bin/intel64/ifort -DBUILD_ROBUST -DIntel -I/global/homes/j/jingtao/ReSOM/sbetr/3rd-party/pfunit/include -I/global/u1/j/jingtao/ReSOM/sbetr/build/3rd-party/pfunit/mod -g -O0 -g -check uninit -check bounds -traceback -assume realloc_lhs  -DCPRINTEL -c /global/homes/j/jingtao/ReSOM/sbetr/3rd-party/pfunit/tests/Test_TestSuite.F90 -o CMakeFiles/testpfunit.dir/Test_TestSuite.F90.o
/global/common/software/nersc9/cmake/3.30.2-8befa77c19df1cc9a69766c978f2e12d5f9022ef/bin/cmake -E cmake_copy_f90_mod tests/test_unixprocess_mod.mod tests/CMakeFiles/testpfunit.dir/test_unixprocess_mod.mod.stamp Intel
[ 93%] Building Fortran object tests/CMakeFiles/testpfunit.dir/Test_XmlPrinter.F90.o
cd /global/u1/j/jingtao/ReSOM/sbetr/build/3rd-party/pfunit/tests && /opt/intel/oneapi/compiler/2023.2.0/linux/bin/intel64/ifort -DBUILD_ROBUST -DIntel -I/global/homes/j/jingtao/ReSOM/sbetr/3rd-party/pfunit/include -I/global/u1/j/jingtao/ReSOM/sbetr/build/3rd-party/pfunit/mod -g -O0 -g -check uninit -check bounds -traceback -assume realloc_lhs  -DCPRINTEL -c /global/homes/j/jingtao/ReSOM/sbetr/3rd-party/pfunit/tests/Test_XmlPrinter.F90 -o CMakeFiles/testpfunit.dir/Test_XmlPrinter.F90.o
/global/common/software/nersc9/cmake/3.30.2-8befa77c19df1cc9a69766c978f2e12d5f9022ef/bin/cmake -E touch tests/CMakeFiles/testpfunit.dir/robustTestSuite.F90.o.provides.build
/global/common/software/nersc9/cmake/3.30.2-8befa77c19df1cc9a69766c978f2e12d5f9022ef/bin/cmake -E touch tests/CMakeFiles/testpfunit.dir/BrokenSetUpCase.F90.o.provides.build
/global/common/software/nersc9/cmake/3.30.2-8befa77c19df1cc9a69766c978f2e12d5f9022ef/bin/cmake -E touch tests/CMakeFiles/testpfunit.dir/BrokenTestCase.F90.o.provides.build
/global/common/software/nersc9/cmake/3.30.2-8befa77c19df1cc9a69766c978f2e12d5f9022ef/bin/cmake -E touch tests/CMakeFiles/testpfunit.dir/FixtureTestCase.F90.o.provides.build
/global/common/software/nersc9/cmake/3.30.2-8befa77c19df1cc9a69766c978f2e12d5f9022ef/bin/cmake -E touch tests/CMakeFiles/testpfunit.dir/MakeInfinity.F90.o.provides.build
/global/common/software/nersc9/cmake/3.30.2-8befa77c19df1cc9a69766c978f2e12d5f9022ef/bin/cmake -E touch tests/CMakeFiles/testpfunit.dir/MakeNaN.F90.o.provides.build
/global/common/software/nersc9/cmake/3.30.2-8befa77c19df1cc9a69766c978f2e12d5f9022ef/bin/cmake -E touch tests/CMakeFiles/testpfunit.dir/MockListener.F90.o.provides.build
/global/common/software/nersc9/cmake/3.30.2-8befa77c19df1cc9a69766c978f2e12d5f9022ef/bin/cmake -E touch tests/CMakeFiles/testpfunit.dir/SimpleTestCase.F90.o.provides.build
/global/common/software/nersc9/cmake/3.30.2-8befa77c19df1cc9a69766c978f2e12d5f9022ef/bin/cmake -E touch tests/CMakeFiles/testpfunit.dir/Test_Assert.F90.o.provides.build
/global/common/software/nersc9/cmake/3.30.2-8befa77c19df1cc9a69766c978f2e12d5f9022ef/bin/cmake -E cmake_copy_f90_mod tests/test_assertbasic_mod.mod tests/CMakeFiles/testpfunit.dir/test_assertbasic_mod.mod.stamp Intel
/global/common/software/nersc9/cmake/3.30.2-8befa77c19df1cc9a69766c978f2e12d5f9022ef/bin/cmake -E touch tests/CMakeFiles/testpfunit.dir/Test_AssertComplex.F90.o.provides.build
/global/common/software/nersc9/cmake/3.30.2-8befa77c19df1cc9a69766c978f2e12d5f9022ef/bin/cmake -E touch tests/CMakeFiles/testpfunit.dir/Test_AssertInteger.F90.o.provides.build
/global/common/software/nersc9/cmake/3.30.2-8befa77c19df1cc9a69766c978f2e12d5f9022ef/bin/cmake -E cmake_copy_f90_mod tests/test_assertreal_mod.mod tests/CMakeFiles/testpfunit.dir/test_assertreal_mod.mod.stamp Intel
/global/common/software/nersc9/cmake/3.30.2-8befa77c19df1cc9a69766c978f2e12d5f9022ef/bin/cmake -E touch tests/CMakeFiles/testpfunit.dir/Test_BasicOpenMP.F90.o.provides.build
/global/common/software/nersc9/cmake/3.30.2-8befa77c19df1cc9a69766c978f2e12d5f9022ef/bin/cmake -E touch tests/CMakeFiles/testpfunit.dir/Test_Exception.F90.o.provides.build
/global/common/software/nersc9/cmake/3.30.2-8befa77c19df1cc9a69766c978f2e12d5f9022ef/bin/cmake -E cmake_copy_f90_mod tests/test_fixturetestcase_mod.mod tests/CMakeFiles/testpfunit.dir/test_fixturetestcase_mod.mod.stamp Intel
/global/common/software/nersc9/cmake/3.30.2-8befa77c19df1cc9a69766c978f2e12d5f9022ef/bin/cmake -E touch tests/CMakeFiles/testpfunit.dir/Test_MockCall.F90.o.provides.build
/global/common/software/nersc9/cmake/3.30.2-8befa77c19df1cc9a69766c978f2e12d5f9022ef/bin/cmake -E touch tests/CMakeFiles/testpfunit.dir/Test_MockRepository.F90.o.provides.build
[ 94%] Building Fortran object tests/CMakeFiles/testpfunit.dir/Test_RobustRunner.F90.o
cd /global/u1/j/jingtao/ReSOM/sbetr/build/3rd-party/pfunit/tests && /opt/intel/oneapi/compiler/2023.2.0/linux/bin/intel64/ifort -DBUILD_ROBUST -DIntel -I/global/homes/j/jingtao/ReSOM/sbetr/3rd-party/pfunit/include -I/global/u1/j/jingtao/ReSOM/sbetr/build/3rd-party/pfunit/mod -g -O0 -g -check uninit -check bounds -traceback -assume realloc_lhs  -DCPRINTEL -c /global/homes/j/jingtao/ReSOM/sbetr/3rd-party/pfunit/tests/Test_RobustRunner.F90 -o CMakeFiles/testpfunit.dir/Test_RobustRunner.F90.o
/global/common/software/nersc9/cmake/3.30.2-8befa77c19df1cc9a69766c978f2e12d5f9022ef/bin/cmake -E cmake_copy_f90_mod tests/test_stringconversionutilities_mod.mod tests/CMakeFiles/testpfunit.dir/test_stringconversionutilities_mod.mod.stamp Intel
/global/common/software/nersc9/cmake/3.30.2-8befa77c19df1cc9a69766c978f2e12d5f9022ef/bin/cmake -E touch tests/CMakeFiles/testpfunit.dir/Test_TestMethod.F90.o.provides.build
/global/common/software/nersc9/cmake/3.30.2-8befa77c19df1cc9a69766c978f2e12d5f9022ef/bin/cmake -E touch tests/CMakeFiles/testpfunit.dir/Test_UnixProcess.F90.o.provides.build
/global/common/software/nersc9/cmake/3.30.2-8befa77c19df1cc9a69766c978f2e12d5f9022ef/bin/cmake -E cmake_copy_f90_mod tests/test_xmlprinter_mod.mod tests/CMakeFiles/testpfunit.dir/test_xmlprinter_mod.mod.stamp Intel
/global/common/software/nersc9/cmake/3.30.2-8befa77c19df1cc9a69766c978f2e12d5f9022ef/bin/cmake -E touch tests/CMakeFiles/testpfunit.dir/Test_AssertBasic.F90.o.provides.build
/global/common/software/nersc9/cmake/3.30.2-8befa77c19df1cc9a69766c978f2e12d5f9022ef/bin/cmake -E touch tests/CMakeFiles/testpfunit.dir/Test_AssertReal.F90.o.provides.build
/global/common/software/nersc9/cmake/3.30.2-8befa77c19df1cc9a69766c978f2e12d5f9022ef/bin/cmake -E touch tests/CMakeFiles/testpfunit.dir/Test_FixtureTestCase.F90.o.provides.build
/global/common/software/nersc9/cmake/3.30.2-8befa77c19df1cc9a69766c978f2e12d5f9022ef/bin/cmake -E cmake_copy_f90_mod tests/test_simpletestcase_mod.mod tests/CMakeFiles/testpfunit.dir/test_simpletestcase_mod.mod.stamp Intel
/global/common/software/nersc9/cmake/3.30.2-8befa77c19df1cc9a69766c978f2e12d5f9022ef/bin/cmake -E touch tests/CMakeFiles/testpfunit.dir/Test_StringConversionUtilities.F90.o.provides.build
/global/common/software/nersc9/cmake/3.30.2-8befa77c19df1cc9a69766c978f2e12d5f9022ef/bin/cmake -E touch tests/CMakeFiles/testpfunit.dir/Test_XmlPrinter.F90.o.provides.build
/global/common/software/nersc9/cmake/3.30.2-8befa77c19df1cc9a69766c978f2e12d5f9022ef/bin/cmake -E touch tests/CMakeFiles/testpfunit.dir/Test_SimpleTestCase.F90.o.provides.build
/global/common/software/nersc9/cmake/3.30.2-8befa77c19df1cc9a69766c978f2e12d5f9022ef/bin/cmake -E cmake_copy_f90_mod tests/test_robustrunner_mod.mod tests/CMakeFiles/testpfunit.dir/test_robustrunner_mod.mod.stamp Intel
/global/common/software/nersc9/cmake/3.30.2-8befa77c19df1cc9a69766c978f2e12d5f9022ef/bin/cmake -E touch tests/CMakeFiles/testpfunit.dir/Test_RobustRunner.F90.o.provides.build
/global/common/software/nersc9/cmake/3.30.2-8befa77c19df1cc9a69766c978f2e12d5f9022ef/bin/cmake -E cmake_copy_f90_mod tests/test_testsuite_mod.mod tests/CMakeFiles/testpfunit.dir/test_testsuite_mod.mod.stamp Intel
/global/common/software/nersc9/cmake/3.30.2-8befa77c19df1cc9a69766c978f2e12d5f9022ef/bin/cmake -E touch tests/CMakeFiles/testpfunit.dir/Test_TestSuite.F90.o.provides.build
/global/common/software/nersc9/cmake/3.30.2-8befa77c19df1cc9a69766c978f2e12d5f9022ef/bin/cmake -E cmake_copy_f90_mod tests/test_testresult_mod.mod tests/CMakeFiles/testpfunit.dir/test_testresult_mod.mod.stamp Intel
/global/common/software/nersc9/cmake/3.30.2-8befa77c19df1cc9a69766c978f2e12d5f9022ef/bin/cmake -E touch tests/CMakeFiles/testpfunit.dir/Test_TestResult.F90.o.provides.build
[ 95%] Linking Fortran static library libtestpfunit.a
cd /global/u1/j/jingtao/ReSOM/sbetr/build/3rd-party/pfunit/tests && /global/common/software/nersc9/cmake/3.30.2-8befa77c19df1cc9a69766c978f2e12d5f9022ef/bin/cmake -P CMakeFiles/testpfunit.dir/cmake_clean_target.cmake
cd /global/u1/j/jingtao/ReSOM/sbetr/build/3rd-party/pfunit/tests && /global/common/software/nersc9/cmake/3.30.2-8befa77c19df1cc9a69766c978f2e12d5f9022ef/bin/cmake -E cmake_link_script CMakeFiles/testpfunit.dir/link.txt --verbose=1
/usr/bin/ar qc libtestpfunit.a CMakeFiles/testpfunit.dir/Test_Assert.F90.o CMakeFiles/testpfunit.dir/Test_AssertReal.F90.o CMakeFiles/testpfunit.dir/Test_AssertBasic.F90.o CMakeFiles/testpfunit.dir/SimpleTestCase.F90.o CMakeFiles/testpfunit.dir/Test_AssertComplex.F90.o CMakeFiles/testpfunit.dir/Test_AssertInteger.F90.o CMakeFiles/testpfunit.dir/Test_Exception.F90.o CMakeFiles/testpfunit.dir/Test_FixtureTestCase.F90.o CMakeFiles/testpfunit.dir/Test_MockCall.F90.o CMakeFiles/testpfunit.dir/Test_MockRepository.F90.o CMakeFiles/testpfunit.dir/Test_SimpleTestCase.F90.o CMakeFiles/testpfunit.dir/Test_StringConversionUtilities.F90.o CMakeFiles/testpfunit.dir/Test_TestMethod.F90.o CMakeFiles/testpfunit.dir/Test_TestResult.F90.o CMakeFiles/testpfunit.dir/Test_XmlPrinter.F90.o CMakeFiles/testpfunit.dir/Test_TestSuite.F90.o CMakeFiles/testpfunit.dir/Test_UnixProcess.F90.o CMakeFiles/testpfunit.dir/Test_RobustRunner.F90.o CMakeFiles/testpfunit.dir/robustTestSuite.F90.o CMakeFiles/testpfunit.dir/Test_BasicOpenMP.F90.o CMakeFiles/testpfunit.dir/MakeNaN.F90.o CMakeFiles/testpfunit.dir/MakeInfinity.F90.o CMakeFiles/testpfunit.dir/MockListener.F90.o CMakeFiles/testpfunit.dir/BrokenTestCase.F90.o CMakeFiles/testpfunit.dir/BrokenSetUpCase.F90.o CMakeFiles/testpfunit.dir/FixtureTestCase.F90.o
/usr/bin/ranlib libtestpfunit.a
make[2]: Leaving directory '/global/u1/j/jingtao/ReSOM/sbetr/build/3rd-party/pfunit'
[ 95%] Built target testpfunit
make  -f tests/CMakeFiles/tests.x.dir/build.make tests/CMakeFiles/tests.x.dir/depend
make  -f tests/CMakeFiles/remote.x.dir/build.make tests/CMakeFiles/remote.x.dir/depend
make[2]: Entering directory '/global/u1/j/jingtao/ReSOM/sbetr/build/3rd-party/pfunit'
cd /global/u1/j/jingtao/ReSOM/sbetr/build/3rd-party/pfunit && /global/common/software/nersc9/cmake/3.30.2-8befa77c19df1cc9a69766c978f2e12d5f9022ef/bin/cmake -E cmake_depends "Unix Makefiles" /global/homes/j/jingtao/ReSOM/sbetr/3rd-party/pfunit /global/homes/j/jingtao/ReSOM/sbetr/3rd-party/pfunit/tests /global/u1/j/jingtao/ReSOM/sbetr/build/3rd-party/pfunit /global/u1/j/jingtao/ReSOM/sbetr/build/3rd-party/pfunit/tests /global/u1/j/jingtao/ReSOM/sbetr/build/3rd-party/pfunit/tests/CMakeFiles/tests.x.dir/DependInfo.cmake "--color="
make[2]: Entering directory '/global/u1/j/jingtao/ReSOM/sbetr/build/3rd-party/pfunit'
cd /global/u1/j/jingtao/ReSOM/sbetr/build/3rd-party/pfunit && /global/common/software/nersc9/cmake/3.30.2-8befa77c19df1cc9a69766c978f2e12d5f9022ef/bin/cmake -E cmake_depends "Unix Makefiles" /global/homes/j/jingtao/ReSOM/sbetr/3rd-party/pfunit /global/homes/j/jingtao/ReSOM/sbetr/3rd-party/pfunit/tests /global/u1/j/jingtao/ReSOM/sbetr/build/3rd-party/pfunit /global/u1/j/jingtao/ReSOM/sbetr/build/3rd-party/pfunit/tests /global/u1/j/jingtao/ReSOM/sbetr/build/3rd-party/pfunit/tests/CMakeFiles/remote.x.dir/DependInfo.cmake "--color="
make[2]: Leaving directory '/global/u1/j/jingtao/ReSOM/sbetr/build/3rd-party/pfunit'
make  -f tests/CMakeFiles/remote.x.dir/build.make tests/CMakeFiles/remote.x.dir/build
make[2]: Leaving directory '/global/u1/j/jingtao/ReSOM/sbetr/build/3rd-party/pfunit'
make  -f tests/CMakeFiles/tests.x.dir/build.make tests/CMakeFiles/tests.x.dir/build
make[2]: Entering directory '/global/u1/j/jingtao/ReSOM/sbetr/build/3rd-party/pfunit'
make[2]: Entering directory '/global/u1/j/jingtao/ReSOM/sbetr/build/3rd-party/pfunit'
[ 96%] Building Fortran object tests/CMakeFiles/remote.x.dir/RemoteProgram.F90.o
cd /global/u1/j/jingtao/ReSOM/sbetr/build/3rd-party/pfunit/tests && /opt/intel/oneapi/compiler/2023.2.0/linux/bin/intel64/ifort -DBUILD_ROBUST -DIntel -I/global/homes/j/jingtao/ReSOM/sbetr/3rd-party/pfunit/include -I/global/u1/j/jingtao/ReSOM/sbetr/build/3rd-party/pfunit/mod -g -O0 -g -check uninit -check bounds -traceback -assume realloc_lhs  -DCPRINTEL -c /global/homes/j/jingtao/ReSOM/sbetr/3rd-party/pfunit/tests/RemoteProgram.F90 -o CMakeFiles/remote.x.dir/RemoteProgram.F90.o
[ 97%] Building Fortran object tests/CMakeFiles/tests.x.dir/selfTests.F90.o
cd /global/u1/j/jingtao/ReSOM/sbetr/build/3rd-party/pfunit/tests && /opt/intel/oneapi/compiler/2023.2.0/linux/bin/intel64/ifort -DBUILD_ROBUST -DIntel -I/global/homes/j/jingtao/ReSOM/sbetr/3rd-party/pfunit/include -I/global/u1/j/jingtao/ReSOM/sbetr/build/3rd-party/pfunit/mod -g -O0 -g -check uninit -check bounds -traceback -assume realloc_lhs  -DCPRINTEL -c /global/homes/j/jingtao/ReSOM/sbetr/3rd-party/pfunit/tests/selfTests.F90 -o CMakeFiles/tests.x.dir/selfTests.F90.o
[ 98%] Linking Fortran executable remote.x
cd /global/u1/j/jingtao/ReSOM/sbetr/build/3rd-party/pfunit/tests && /global/common/software/nersc9/cmake/3.30.2-8befa77c19df1cc9a69766c978f2e12d5f9022ef/bin/cmake -E cmake_link_script CMakeFiles/remote.x.dir/link.txt --verbose=1
/opt/intel/oneapi/compiler/2023.2.0/linux/bin/intel64/ifort -g -O0 -g -check uninit -check bounds -traceback -assume realloc_lhs  -DCPRINTEL CMakeFiles/remote.x.dir/RemoteProgram.F90.o -o remote.x  ../source/libpfunit.a libtestpfunit.a ../source/libpfunit.a
[100%] Linking Fortran executable tests.x
cd /global/u1/j/jingtao/ReSOM/sbetr/build/3rd-party/pfunit/tests && /global/common/software/nersc9/cmake/3.30.2-8befa77c19df1cc9a69766c978f2e12d5f9022ef/bin/cmake -E cmake_link_script CMakeFiles/tests.x.dir/link.txt --verbose=1
/opt/intel/oneapi/compiler/2023.2.0/linux/bin/intel64/ifort -g -O0 -g -check uninit -check bounds -traceback -assume realloc_lhs  -DCPRINTEL CMakeFiles/tests.x.dir/selfTests.F90.o -o tests.x  ../source/libpfunit.a libtestpfunit.a ../source/libpfunit.a
make[2]: Leaving directory '/global/u1/j/jingtao/ReSOM/sbetr/build/3rd-party/pfunit'
[100%] Built target remote.x
make[2]: Leaving directory '/global/u1/j/jingtao/ReSOM/sbetr/build/3rd-party/pfunit'
[100%] Built target tests.x
make[1]: Leaving directory '/global/u1/j/jingtao/ReSOM/sbetr/build/3rd-party/pfunit'
/global/common/software/nersc9/cmake/3.30.2-8befa77c19df1cc9a69766c978f2e12d5f9022ef/bin/cmake -E cmake_progress_start /global/u1/j/jingtao/ReSOM/sbetr/build/3rd-party/pfunit/CMakeFiles 0
make  -f CMakeFiles/Makefile2 preinstall
make[1]: Entering directory '/global/u1/j/jingtao/ReSOM/sbetr/build/3rd-party/pfunit'
make[1]: Nothing to be done for 'preinstall'.
make[1]: Leaving directory '/global/u1/j/jingtao/ReSOM/sbetr/build/3rd-party/pfunit'
Install the project...
/global/common/software/nersc9/cmake/3.30.2-8befa77c19df1cc9a69766c978f2e12d5f9022ef/bin/cmake -P cmake_install.cmake
-- Install configuration: ""
-- Installing: /global/homes/j/jingtao/ReSOM/sbetr/build/lib/libpfunit.a
-- Installing: /global/homes/j/jingtao/ReSOM/sbetr/build/./mod
-- Installing: /global/homes/j/jingtao/ReSOM/sbetr/build/./mod/assertinteger0_mod.mod
-- Installing: /global/homes/j/jingtao/ReSOM/sbetr/build/./mod/parameterizedtestcase_mod.mod
-- Installing: /global/homes/j/jingtao/ReSOM/sbetr/build/./mod/throwfundamentaltypes_mod.mod
-- Installing: /global/homes/j/jingtao/ReSOM/sbetr/build/./mod/debuglistener_mod.mod
-- Installing: /global/homes/j/jingtao/ReSOM/sbetr/build/./mod/assert_mod.mod
-- Installing: /global/homes/j/jingtao/ReSOM/sbetr/build/./mod/assertreal0_mod.mod
-- Installing: /global/homes/j/jingtao/ReSOM/sbetr/build/./mod/assertarraysinternalassertlessthanorequal_mod.mod
-- Installing: /global/homes/j/jingtao/ReSOM/sbetr/build/./mod/sourcelocation_mod.mod
-- Installing: /global/homes/j/jingtao/ReSOM/sbetr/build/./mod/testrunner_mod.mod
-- Installing: /global/homes/j/jingtao/ReSOM/sbetr/build/./mod/abstracttestparameter_mod.mod
-- Installing: /global/homes/j/jingtao/ReSOM/sbetr/build/./mod/assertinteger3_mod.mod
-- Installing: /global/homes/j/jingtao/ReSOM/sbetr/build/./mod/assertinteger1_mod.mod
-- Installing: /global/homes/j/jingtao/ReSOM/sbetr/build/./mod/remoteproxytestcase_mod.mod
-- Installing: /global/homes/j/jingtao/ReSOM/sbetr/build/./mod/assertbasic_mod.mod
-- Installing: /global/homes/j/jingtao/ReSOM/sbetr/build/./mod/subsetrunner_mod.mod
-- Installing: /global/homes/j/jingtao/ReSOM/sbetr/build/./mod/assertcomplex0_mod.mod
-- Installing: /global/homes/j/jingtao/ReSOM/sbetr/build/./mod/assertarraysinternalassertrelativelyequal_mod.mod
-- Installing: /global/homes/j/jingtao/ReSOM/sbetr/build/./mod/dynamictestcase_mod.mod
-- Installing: /global/homes/j/jingtao/ReSOM/sbetr/build/./mod/assertreal2_mod.mod
-- Installing: /global/homes/j/jingtao/ReSOM/sbetr/build/./mod/unixprocess_mod.mod
-- Installing: /global/homes/j/jingtao/ReSOM/sbetr/build/./mod/assertarraysinternalassertgreaterthan_mod.mod
-- Installing: /global/homes/j/jingtao/ReSOM/sbetr/build/./mod/xmlprinter_mod.mod
-- Installing: /global/homes/j/jingtao/ReSOM/sbetr/build/./mod/unixpipeinterfaces_mod.mod
-- Installing: /global/homes/j/jingtao/ReSOM/sbetr/build/./mod/assertcomplex1_mod.mod
-- Installing: /global/homes/j/jingtao/ReSOM/sbetr/build/./mod/assertinteger4_mod.mod
-- Installing: /global/homes/j/jingtao/ReSOM/sbetr/build/./mod/assertreal3_mod.mod
-- Installing: /global/homes/j/jingtao/ReSOM/sbetr/build/./mod/params_mod.mod
-- Installing: /global/homes/j/jingtao/ReSOM/sbetr/build/./mod/testsuite_mod.mod
-- Installing: /global/homes/j/jingtao/ReSOM/sbetr/build/./mod/abstracttestresult_mod.mod
-- Installing: /global/homes/j/jingtao/ReSOM/sbetr/build/./mod/surrogatetestcase_mod.mod
-- Installing: /global/homes/j/jingtao/ReSOM/sbetr/build/./mod/assertarraysinternalassertnotequal_mod.mod
-- Installing: /global/homes/j/jingtao/ReSOM/sbetr/build/./mod/exception_mod.mod
-- Installing: /global/homes/j/jingtao/ReSOM/sbetr/build/./mod/testmethod_mod.mod
-- Installing: /global/homes/j/jingtao/ReSOM/sbetr/build/./mod/robustrunner_mod.mod
-- Installing: /global/homes/j/jingtao/ReSOM/sbetr/build/./mod/assertcomplex3_mod.mod
-- Installing: /global/homes/j/jingtao/ReSOM/sbetr/build/./mod/pfunit.mod
-- Installing: /global/homes/j/jingtao/ReSOM/sbetr/build/./mod/testlistener_mod.mod
-- Installing: /global/homes/j/jingtao/ReSOM/sbetr/build/./mod/privateexception_mod.mod
-- Installing: /global/homes/j/jingtao/ReSOM/sbetr/build/./mod/assertarrayssupport_mod.mod
-- Installing: /global/homes/j/jingtao/ReSOM/sbetr/build/./mod/assertarraysinternalassertlessthan_mod.mod
-- Installing: /global/homes/j/jingtao/ReSOM/sbetr/build/./mod/mockrepository_mod.mod
-- Installing: /global/homes/j/jingtao/ReSOM/sbetr/build/./mod/assertarraysinternalassertgreaterthanorequal_mod.mod
-- Installing: /global/homes/j/jingtao/ReSOM/sbetr/build/./mod/parallelcontext_mod.mod
-- Installing: /global/homes/j/jingtao/ReSOM/sbetr/build/./mod/testfailure_mod.mod
-- Installing: /global/homes/j/jingtao/ReSOM/sbetr/build/./mod/assertcomplex5_mod.mod
-- Installing: /global/homes/j/jingtao/ReSOM/sbetr/build/./mod/assertcomplex4_mod.mod
-- Installing: /global/homes/j/jingtao/ReSOM/sbetr/build/./mod/assertreal5_mod.mod
-- Installing: /global/homes/j/jingtao/ReSOM/sbetr/build/./mod/assertinteger5_mod.mod
-- Installing: /global/homes/j/jingtao/ReSOM/sbetr/build/./mod/assertinteger2_mod.mod
-- Installing: /global/homes/j/jingtao/ReSOM/sbetr/build/./mod/stringconversionutilities_mod.mod
-- Installing: /global/homes/j/jingtao/ReSOM/sbetr/build/./mod/testresult_mod.mod
-- Installing: /global/homes/j/jingtao/ReSOM/sbetr/build/./mod/parallelexception_mod.mod
-- Installing: /global/homes/j/jingtao/ReSOM/sbetr/build/./mod/assertreal1_mod.mod
-- Installing: /global/homes/j/jingtao/ReSOM/sbetr/build/./mod/mockcall_mod.mod
-- Installing: /global/homes/j/jingtao/ReSOM/sbetr/build/./mod/serialcontext_mod.mod
-- Installing: /global/homes/j/jingtao/ReSOM/sbetr/build/./mod/assertarraysinternalassertequal_mod.mod
-- Installing: /global/homes/j/jingtao/ReSOM/sbetr/build/./mod/expectation_mod.mod
-- Installing: /global/homes/j/jingtao/ReSOM/sbetr/build/./mod/pfunit_mod.mod
-- Installing: /global/homes/j/jingtao/ReSOM/sbetr/build/./mod/assertreal4_mod.mod
-- Installing: /global/homes/j/jingtao/ReSOM/sbetr/build/./mod/test_mod.mod
-- Installing: /global/homes/j/jingtao/ReSOM/sbetr/build/./mod/basetestrunner_mod.mod
-- Installing: /global/homes/j/jingtao/ReSOM/sbetr/build/./mod/assertcomplex2_mod.mod
-- Installing: /global/homes/j/jingtao/ReSOM/sbetr/build/./mod/testcase_mod.mod
-- Installing: /global/homes/j/jingtao/ReSOM/sbetr/build/./mod/resultprinter_mod.mod
-- Installing: /global/homes/j/jingtao/ReSOM/sbetr/build/include/GNU.mk
-- Installing: /global/homes/j/jingtao/ReSOM/sbetr/build/include/IBM.mk
-- Installing: /global/homes/j/jingtao/ReSOM/sbetr/build/include/INTEL.mk
-- Installing: /global/homes/j/jingtao/ReSOM/sbetr/build/include/NAG.mk
-- Installing: /global/homes/j/jingtao/ReSOM/sbetr/build/include/PGI.mk
-- Installing: /global/homes/j/jingtao/ReSOM/sbetr/build/include/extensions.mk
-- Installing: /global/homes/j/jingtao/ReSOM/sbetr/build/include/driver.F90
-- Installing: /global/homes/j/jingtao/ReSOM/sbetr/build/include/base.mk
-- Installing: /global/homes/j/jingtao/ReSOM/sbetr/build/include/configuration.mk
-- Installing: /global/homes/j/jingtao/ReSOM/sbetr/build/bin/pFUnitParser.py
-- Installing: /global/homes/j/jingtao/ReSOM/sbetr/build/bin/parseDirectiveArgs.py
